Id,Sale_Price_Normal_Equation,Sale_Price_Gradient_Descent
1461,"121,780.00","123,150.00"
1462,"185,440.00","186,010.00"
1463,"176,470.00","182,520.00"
1464,"210,860.00","213,310.00"
1465,"188,320.00","185,540.00"
1466,"162,900.00","167,580.00"
1467,"177,780.00","177,500.00"
1468,"155,510.00","158,700.00"
1469,"200,530.00","200,890.00"
1470,"111,950.00","113,090.00"
1471,"203,260.00","199,740.00"
1472,"111,700.00","109,810.00"
1473,"93,325.00","92,326.00"
1474,"147,430.00","147,010.00"
1475,"88,140.00","87,225.00"
1476,"351,570.00","353,300.00"
1477,"247,060.00","249,860.00"
1478,"295,990.00","295,460.00"
1479,"281,250.00","282,210.00"
1480,"454,520.00","451,430.00"
1481,"296,880.00","300,090.00"
1482,"194,910.00","193,920.00"
1483,"178,660.00","185,680.00"
1484,"164,060.00","161,150.00"
1485,"191,640.00","197,350.00"
1486,"208,540.00","211,580.00"
1487,"314,900.00","319,870.00"
1488,"239,340.00","238,680.00"
1489,"194,610.00","195,220.00"
1490,"255,480.00","253,530.00"
1491,"199,100.00","203,660.00"
1492,"81,319.00","83,203.00"
1493,"201,770.00","205,540.00"
1494,"282,870.00","287,150.00"
1495,"276,890.00","279,720.00"
1496,"246,170.00","241,460.00"
1497,"170,280.00","169,180.00"
1498,"160,930.00","159,300.00"
1499,"153,000.00","151,170.00"
1500,"147,240.00","145,490.00"
1501,"188,140.00","187,310.00"
1502,"136,880.00","135,600.00"
1503,"299,360.00","300,020.00"
1504,"235,300.00","236,220.00"
1505,"222,870.00","221,440.00"
1506,"207,600.00","208,880.00"
1507,"258,820.00","263,220.00"
1508,"195,980.00","205,540.00"
1509,"153,940.00","157,970.00"
1510,"144,830.00","146,340.00"
1511,"151,560.00","153,210.00"
1512,"192,700.00","193,580.00"
1513,"173,170.00","177,070.00"
1514,"191,410.00","194,720.00"
1515,"220,150.00","222,590.00"
1516,"158,860.00","167,070.00"
1517,"188,460.00","189,650.00"
1518,"117,020.00","117,280.00"
1519,"239,420.00","238,460.00"
1520,"124,410.00","125,420.00"
1521,"134,830.00","137,510.00"
1522,"186,270.00","187,180.00"
1523,"96,682.00","99,819.00"
1524,"122,170.00","125,410.00"
1525,"100,530.00","103,780.00"
1526,"100,640.00","105,900.00"
1527,"85,872.00","89,462.00"
1528,"147,350.00","149,120.00"
1529,"143,420.00","143,110.00"
1530,"212,200.00","210,220.00"
1531,"133,840.00","135,900.00"
1532,"111,430.00","109,930.00"
1533,"158,910.00","156,380.00"
1534,"127,950.00","130,580.00"
1535,"173,790.00","177,820.00"
1536,"110,410.00","112,520.00"
1537,"55,222.00","58,627.00"
1538,"183,160.00","187,780.00"
1539,"230,470.00","234,920.00"
1540,"126,050.00","133,700.00"
1541,"165,870.00","169,540.00"
1542,"190,960.00","187,180.00"
1543,"206,400.00","209,020.00"
1544,"82,220.00","81,423.00"
1545,"127,280.00","128,190.00"
1546,"129,130.00","130,750.00"
1547,"140,300.00","141,080.00"
1548,"141,340.00","141,700.00"
1549,"120,800.00","122,090.00"
1550,"133,910.00","135,840.00"
1551,"147,760.00","146,150.00"
1552,"131,120.00","135,860.00"
1553,"171,150.00","177,250.00"
1554,"111,600.00","112,400.00"
1555,"173,400.00","179,030.00"
1557,"152,110.00","153,580.00"
1558,"111,720.00","110,910.00"
1559,"73,647.00","79,326.00"
1560,"113,250.00","112,270.00"
1561,"163,230.00","164,400.00"
1562,"119,060.00","120,590.00"
1563,"116,210.00","116,890.00"
1564,"163,460.00","162,580.00"
1565,"138,760.00","143,270.00"
1566,"239,050.00","243,260.00"
1567,"77,047.00","78,809.00"
1568,"223,100.00","230,620.00"
1569,"119,710.00","130,880.00"
1570,"123,940.00","128,570.00"
1571,"81,790.00","90,362.00"
1572,"146,290.00","147,750.00"
1573,"272,890.00","275,670.00"
1574,"115,580.00","119,330.00"
1575,"236,530.00","236,170.00"
1576,"252,730.00","256,700.00"
1577,"186,750.00","185,890.00"
1578,"155,040.00","162,740.00"
1579,"125,170.00","128,410.00"
1580,"192,450.00","195,880.00"
1581,"142,690.00","148,180.00"
1582,"115,210.00","115,700.00"
1583,"313,670.00","312,680.00"
1584,"233,500.00","237,130.00"
1585,"146,440.00","143,590.00"
1586,"60,782.00","62,850.00"
1587,"119,330.00","121,010.00"
1588,"145,750.00","147,270.00"
1589,"120,400.00","124,270.00"
1590,"140,430.00","138,980.00"
1591,"82,604.00","83,368.00"
1592,"142,530.00","142,430.00"
1593,"109,980.00","110,200.00"
1594,"128,640.00","133,150.00"
1595,"112,220.00","117,790.00"
1596,"227,480.00","231,320.00"
1597,"169,530.00","177,880.00"
1598,"196,670.00","207,480.00"
1599,"184,090.00","179,340.00"
1600,"166,630.00","163,120.00"
1601,"46,927.00","48,653.00"
1602,"127,100.00","129,480.00"
1603,"43,081.00","41,488.00"
1604,"271,840.00","265,100.00"
1605,"253,010.00","256,340.00"
1606,"186,030.00","186,490.00"
1607,"190,310.00","192,880.00"
1608,"200,840.00","202,840.00"
1609,"197,030.00","197,970.00"
1610,"140,770.00","145,710.00"
1611,"143,390.00","148,650.00"
1612,"185,600.00","186,410.00"
1613,"165,490.00","168,250.00"
1614,"116,670.00","112,540.00"
1615,"90,906.00","89,798.00"
1616,"60,958.00","61,230.00"
1617,"72,974.00","71,947.00"
1618,"128,190.00","128,770.00"
1619,"135,190.00","138,200.00"
1620,"163,910.00","167,860.00"
1621,"128,900.00","133,250.00"
1622,"137,850.00","142,010.00"
1623,"254,520.00","254,170.00"
1624,"224,320.00","228,600.00"
1625,"138,650.00","141,690.00"
1626,"186,470.00","187,380.00"
1627,"190,390.00","193,690.00"
1628,"283,520.00","287,480.00"
1629,"171,730.00","174,600.00"
1630,"351,830.00","346,170.00"
1631,"193,480.00","192,920.00"
1632,"224,230.00","223,040.00"
1633,"179,310.00","182,000.00"
1634,"186,540.00","187,670.00"
1635,"170,160.00","172,970.00"
1636,"140,840.00","140,920.00"
1637,"196,140.00","199,100.00"
1638,"195,260.00","201,620.00"
1639,"199,460.00","200,570.00"
1640,"262,390.00","267,760.00"
1641,"198,440.00","200,630.00"
1642,"224,180.00","224,490.00"
1643,"214,140.00","215,010.00"
1644,"222,270.00","223,140.00"
1645,"234,170.00","232,090.00"
1646,"163,320.00","164,380.00"
1647,"165,430.00","167,790.00"
1648,"135,180.00","135,010.00"
1649,"127,750.00","129,160.00"
1650,"116,310.00","116,050.00"
1651,"106,250.00","107,680.00"
1652,"103,360.00","101,340.00"
1653,"105,470.00","103,330.00"
1654,"127,040.00","127,540.00"
1655,"120,250.00","118,190.00"
1656,"123,240.00","123,420.00"
1657,"129,140.00","130,100.00"
1658,"135,170.00","134,920.00"
1659,"113,240.00","110,820.00"
1660,"146,200.00","147,770.00"
1661,"420,020.00","421,330.00"
1662,"365,720.00","367,700.00"
1663,"349,660.00","347,180.00"
1664,"420,240.00","421,410.00"
1665,"298,360.00","296,570.00"
1666,"332,070.00","333,210.00"
1667,"351,840.00","360,780.00"
1668,"343,660.00","340,310.00"
1669,"294,970.00","293,130.00"
1670,"337,500.00","336,750.00"
1671,"272,650.00","273,860.00"
1672,"409,160.00","408,510.00"
1673,"282,630.00","288,810.00"
1674,"240,350.00","239,790.00"
1675,"191,610.00","189,910.00"
1676,"195,160.00","191,890.00"
1677,"210,490.00","210,630.00"
1678,"448,900.00","445,620.00"
1679,"360,120.00","360,670.00"
1680,"332,080.00","327,960.00"
1681,"258,510.00","254,320.00"
1682,"300,460.00","302,140.00"
1683,"179,530.00","175,960.00"
1684,"182,340.00","186,070.00"
1685,"172,110.00","174,860.00"
1686,"166,090.00","162,730.00"
1687,"169,000.00","172,200.00"
1688,"205,490.00","207,610.00"
1689,"195,100.00","198,110.00"
1690,"203,050.00","204,750.00"
1691,"186,860.00","188,320.00"
1692,"268,200.00","271,870.00"
1693,"173,540.00","177,600.00"
1694,"174,990.00","177,360.00"
1695,"156,280.00","158,780.00"
1696,"274,870.00","281,160.00"
1697,"178,350.00","180,420.00"
1698,"334,170.00","337,750.00"
1699,"306,440.00","303,900.00"
1700,"254,950.00","257,050.00"
1701,"268,820.00","272,190.00"
1702,"243,540.00","244,280.00"
1703,"247,180.00","247,600.00"
1704,"273,290.00","272,060.00"
1705,"248,010.00","246,320.00"
1706,"328,560.00","333,790.00"
1707,"228,770.00","227,310.00"
1708,"198,870.00","198,010.00"
1709,"247,760.00","248,760.00"
1710,"215,350.00","213,350.00"
1711,"271,810.00","272,550.00"
1712,"262,900.00","261,600.00"
1713,"267,350.00","266,100.00"
1714,"233,040.00","229,370.00"
1715,"202,220.00","203,880.00"
1716,"180,860.00","181,370.00"
1717,"175,010.00","174,450.00"
1718,"141,680.00","142,470.00"
1719,"213,910.00","218,030.00"
1720,"255,190.00","255,580.00"
1721,"173,990.00","176,950.00"
1722,"130,580.00","135,070.00"
1723,"158,460.00","161,580.00"
1724,"227,290.00","225,760.00"
1725,"234,260.00","238,760.00"
1726,"182,560.00","184,400.00"
1727,"151,740.00","151,270.00"
1728,"181,200.00","183,670.00"
1729,"151,300.00","154,940.00"
1730,"162,360.00","162,670.00"
1731,"112,250.00","113,190.00"
1732,"123,050.00","124,080.00"
1733,"111,940.00","113,370.00"
1734,"143,570.00","145,150.00"
1735,"126,860.00","126,800.00"
1736,"103,200.00","103,660.00"
1737,"329,180.00","331,800.00"
1738,"236,100.00","239,400.00"
1739,"265,710.00","264,560.00"
1740,"219,900.00","216,200.00"
1741,"191,430.00","187,050.00"
1742,"173,880.00","172,630.00"
1743,"175,110.00","174,490.00"
1744,"318,060.00","320,980.00"
1745,"219,320.00","222,890.00"
1746,"217,360.00","220,760.00"
1747,"229,160.00","233,710.00"
1748,"234,690.00","239,680.00"
1749,"145,140.00","147,510.00"
1750,"152,940.00","153,600.00"
1751,"245,900.00","251,000.00"
1752,"109,980.00","109,940.00"
1753,"166,150.00","166,850.00"
1754,"233,310.00","236,110.00"
1755,"162,280.00","168,050.00"
1756,"132,770.00","134,440.00"
1757,"107,990.00","109,090.00"
1758,"136,880.00","137,750.00"
1759,"164,240.00","168,530.00"
1760,"169,120.00","169,170.00"
1761,"177,820.00","178,810.00"
1762,"173,010.00","177,430.00"
1763,"192,670.00","194,530.00"
1764,"97,888.00","99,612.00"
1765,"212,450.00","211,990.00"
1766,"201,790.00","202,260.00"
1767,"254,950.00","256,370.00"
1768,"153,090.00","152,630.00"
1769,"181,000.00","182,940.00"
1770,"169,080.00","170,070.00"
1771,"118,800.00","120,100.00"
1772,"137,110.00","138,510.00"
1773,"124,750.00","126,480.00"
1774,"144,190.00","145,000.00"
1775,"142,940.00","143,350.00"
1776,"124,480.00","128,630.00"
1777,"104,300.00","105,900.00"
1778,"152,950.00","152,250.00"
1779,"142,200.00","144,460.00"
1780,"172,050.00","176,730.00"
1781,"118,830.00","120,220.00"
1782,"61,691.00","62,270.00"
1783,"138,120.00","144,140.00"
1784,"110,410.00","112,700.00"
1785,"115,410.00","118,040.00"
1786,"65,565.00","84,642.00"
1787,"168,060.00","172,110.00"
1788,"83,222.00","81,723.00"
1789,"100,920.00","103,520.00"
1790,"40,427.00","46,901.00"
1791,"198,810.00","202,420.00"
1792,"173,530.00","174,240.00"
1793,"166,410.00","167,900.00"
1794,"169,720.00","169,010.00"
1795,"133,500.00","135,930.00"
1796,"107,620.00","110,790.00"
1797,"155,650.00","156,010.00"
1798,"98,820.00","99,219.00"
1799,"94,086.00","94,564.00"
1800,"87,413.00","88,813.00"
1801,"120,160.00","125,410.00"
1802,"129,160.00","136,500.00"
1803,"159,510.00","162,120.00"
1804,"134,410.00","134,690.00"
1805,"141,700.00","141,150.00"
1806,"137,910.00","137,170.00"
1807,"142,610.00","146,080.00"
1808,"107,720.00","116,950.00"
1809,"130,580.00","136,410.00"
1810,"145,660.00","146,200.00"
1811,"125,520.00","126,630.00"
1812,"130,700.00","133,610.00"
1813,"124,920.00","125,680.00"
1814,"110,010.00","109,530.00"
1815,"28,287.00","29,226.00"
1816,"106,710.00","106,600.00"
1817,"128,010.00","131,550.00"
1818,"180,650.00","185,280.00"
1819,"120,000.00","120,210.00"
1820,"37,551.00","37,081.00"
1821,"141,140.00","146,530.00"
1822,"147,410.00","152,030.00"
1823,"27,028.00","30,125.00"
1824,"136,610.00","137,140.00"
1825,"121,250.00","123,540.00"
1826,"90,286.00","92,112.00"
1827,"99,107.00","99,888.00"
1828,"141,790.00","143,960.00"
1829,"130,960.00","131,080.00"
1830,"161,030.00","164,500.00"
1831,"151,080.00","155,630.00"
1832,"83,755.00","84,340.00"
1833,"141,320.00","144,630.00"
1834,"123,410.00","124,820.00"
1835,"143,630.00","147,650.00"
1836,"134,350.00","134,660.00"
1837,"89,314.00","89,167.00"
1838,"124,960.00","129,840.00"
1839,"115,660.00","115,300.00"
1840,"152,860.00","156,130.00"
1841,"113,470.00","113,620.00"
1842,"70,820.00","76,977.00"
1843,"149,940.00","152,270.00"
1844,"116,850.00","118,760.00"
1845,"117,020.00","128,270.00"
1846,"151,610.00","155,700.00"
1847,"150,070.00","156,870.00"
1848,"25,217.00","28,363.00"
1849,"98,961.00","105,300.00"
1850,"112,490.00","113,950.00"
1851,"159,090.00","162,190.00"
1852,"102,360.00","103,770.00"
1853,"121,360.00","119,350.00"
1854,"187,230.00","187,430.00"
1855,"143,350.00","150,740.00"
1856,"219,670.00","222,550.00"
1857,"138,150.00","154,870.00"
1858,"146,900.00","149,290.00"
1859,"108,030.00","107,980.00"
1860,"150,750.00","148,270.00"
1861,"110,420.00","110,400.00"
1862,"282,150.00","285,840.00"
1863,"281,010.00","282,260.00"
1864,"281,040.00","282,300.00"
1865,"357,360.00","354,440.00"
1866,"328,900.00","326,220.00"
1867,"225,470.00","224,880.00"
1868,"308,240.00","306,120.00"
1869,"218,180.00","215,890.00"
1870,"233,240.00","233,300.00"
1871,"256,590.00","256,080.00"
1872,"174,770.00","179,610.00"
1873,"237,110.00","241,740.00"
1874,"148,520.00","148,090.00"
1875,"199,070.00","203,200.00"
1876,"195,570.00","198,060.00"
1877,"228,870.00","229,390.00"
1878,"218,300.00","219,730.00"
1879,"111,270.00","117,310.00"
1880,"142,540.00","141,440.00"
1881,"255,820.00","256,380.00"
1882,"250,330.00","255,340.00"
1883,"189,170.00","191,840.00"
1884,"207,190.00","210,980.00"
1885,"260,060.00","263,070.00"
1886,"299,630.00","298,520.00"
1887,"228,660.00","227,890.00"
1888,"280,160.00","278,630.00"
1889,"172,920.00","177,820.00"
1890,"118,450.00","120,960.00"
1891,"140,080.00","136,820.00"
1892,"82,816.00","82,542.00"
1893,"147,150.00","148,880.00"
1894,"113,310.00","115,810.00"
1895,"149,860.00","152,430.00"
1896,"124,920.00","126,280.00"
1897,"117,460.00","117,190.00"
1898,"118,030.00","119,170.00"
1899,"146,700.00","148,800.00"
1900,"132,380.00","134,840.00"
1901,"154,010.00","158,190.00"
1902,"159,820.00","163,450.00"
1903,"209,120.00","210,460.00"
1904,"139,920.00","140,740.00"
1905,"193,280.00","194,930.00"
1906,"175,220.00","182,650.00"
1907,"216,440.00","221,220.00"
1908,"110,170.00","106,990.00"
1909,"121,230.00","119,170.00"
1910,"112,690.00","110,780.00"
1911,"215,690.00","220,960.00"
1912,"297,370.00","300,310.00"
1913,"145,720.00","154,830.00"
1914,"50,688.00","52,867.00"
1915,"299,410.00","293,540.00"
1917,"263,280.00","265,790.00"
1918,"147,310.00","147,640.00"
1919,"185,110.00","184,240.00"
1920,"185,290.00","186,980.00"
1921,"370,830.00","368,270.00"
1922,"323,110.00","322,650.00"
1923,"227,660.00","230,780.00"
1924,"234,640.00","236,920.00"
1925,"224,440.00","227,230.00"
1926,"370,160.00","366,740.00"
1927,"143,380.00","146,510.00"
1928,"173,260.00","176,470.00"
1929,"115,180.00","116,050.00"
1930,"111,070.00","112,600.00"
1931,"142,200.00","140,270.00"
1932,"134,840.00","137,520.00"
1933,"180,850.00","183,570.00"
1934,"192,600.00","194,020.00"
1935,"171,660.00","174,090.00"
1936,"189,680.00","192,000.00"
1937,"167,940.00","173,960.00"
1938,"174,160.00","177,280.00"
1939,"248,700.00","244,350.00"
1940,"177,610.00","174,430.00"
1941,"178,320.00","182,810.00"
1942,"183,450.00","188,760.00"
1943,"186,990.00","183,550.00"
1944,"306,820.00","311,190.00"
1945,"353,900.00","352,350.00"
1947,"215,260.00","220,400.00"
1948,"188,100.00","213,050.00"
1949,"252,750.00","252,710.00"
1950,"195,190.00","196,360.00"
1951,"285,380.00","289,300.00"
1952,"239,200.00","241,960.00"
1953,"186,240.00","190,760.00"
1954,"188,040.00","192,090.00"
1955,"139,140.00","142,370.00"
1956,"323,150.00","327,490.00"
1957,"163,760.00","164,350.00"
1958,"296,650.00","300,590.00"
1959,"110,260.00","113,700.00"
1960,"90,420.00","92,542.00"
1961,"100,180.00","100,320.00"
1962,"101,040.00","98,873.00"
1963,"123,310.00","120,430.00"
1964,"105,400.00","104,040.00"
1965,"122,290.00","122,440.00"
1966,"124,930.00","122,710.00"
1967,"306,480.00","305,790.00"
1968,"386,850.00","384,580.00"
1969,"362,690.00","361,090.00"
1970,"392,150.00","393,170.00"
1971,"421,800.00","421,540.00"
1972,"363,550.00","364,460.00"
1973,"263,580.00","265,260.00"
1974,"319,200.00","320,490.00"
1975,"448,800.00","437,950.00"
1976,"277,720.00","277,100.00"
1977,"360,020.00","364,740.00"
1978,"335,980.00","340,440.00"
1979,"315,040.00","313,790.00"
1980,"184,760.00","186,620.00"
1981,"350,730.00","346,450.00"
1982,"220,170.00","217,290.00"
1983,"197,510.00","194,940.00"
1984,"184,830.00","180,910.00"
1985,"230,570.00","225,310.00"
1986,"223,290.00","217,840.00"
1987,"194,880.00","191,210.00"
1988,"178,790.00","181,030.00"
1989,"203,970.00","205,670.00"
1990,"223,450.00","225,960.00"
1991,"229,170.00","227,200.00"
1992,"229,150.00","230,420.00"
1993,"166,790.00","167,780.00"
1994,"247,370.00","252,380.00"
1995,"184,330.00","187,100.00"
1996,"279,920.00","281,710.00"
1997,"294,220.00","294,860.00"
1998,"318,840.00","318,240.00"
1999,"289,230.00","290,680.00"
2000,"291,620.00","294,910.00"
2001,"274,800.00","277,920.00"
2002,"265,260.00","265,140.00"
2003,"249,630.00","250,660.00"
2004,"283,310.00","284,680.00"
2005,"242,370.00","240,750.00"
2006,"220,180.00","219,370.00"
2007,"245,080.00","244,480.00"
2008,"224,800.00","222,200.00"
2009,"191,880.00","194,250.00"
2010,"198,140.00","202,460.00"
2011,"152,620.00","155,970.00"
2012,"171,060.00","171,580.00"
2013,"178,240.00","180,470.00"
2014,"189,610.00","191,760.00"
2015,"202,110.00","207,160.00"
2016,"194,380.00","196,050.00"
2017,"200,430.00","202,650.00"
2018,"98,512.00","98,856.00"
2019,"134,080.00","134,360.00"
2020,"92,467.00","93,831.00"
2021,"88,385.00","89,422.00"
2022,"192,600.00","198,800.00"
2023,"125,850.00","129,370.00"
2024,"274,310.00","275,890.00"
2025,"342,300.00","343,590.00"
2026,"169,500.00","165,130.00"
2027,"145,980.00","143,680.00"
2028,"164,080.00","161,600.00"
2029,"154,880.00","152,840.00"
2030,"254,930.00","250,400.00"
2031,"247,440.00","241,290.00"
2032,"252,580.00","247,050.00"
2033,"244,640.00","239,850.00"
2034,"176,020.00","172,980.00"
2035,"228,430.00","231,250.00"
2036,"214,240.00","211,170.00"
2037,"232,030.00","228,610.00"
2038,"288,750.00","286,140.00"
2039,"212,070.00","211,610.00"
2040,"324,930.00","337,500.00"
2041,"270,560.00","274,590.00"
2042,"193,420.00","193,640.00"
2043,"186,940.00","187,940.00"
2044,"199,480.00","200,660.00"
2045,"221,810.00","224,960.00"
2046,"142,160.00","142,440.00"
2047,"149,730.00","152,230.00"
2048,"142,780.00","142,570.00"
2049,"126,810.00","128,660.00"
2050,"174,470.00","180,050.00"
2051,"104,060.00","104,190.00"
2052,"121,730.00","122,660.00"
2053,"140,050.00","142,010.00"
2054,"113,600.00","108,820.00"
2055,"188,080.00","187,550.00"
2056,"126,460.00","128,940.00"
2057,"105,330.00","105,370.00"
2058,"227,700.00","233,230.00"
2059,"130,430.00","130,470.00"
2060,"200,010.00","199,690.00"
2061,"196,200.00","198,140.00"
2062,"121,910.00","123,780.00"
2063,"97,564.00","100,690.00"
2064,"139,700.00","141,490.00"
2065,"112,500.00","114,660.00"
2066,"176,430.00","180,510.00"
2067,"111,210.00","115,630.00"
2068,"135,450.00","137,690.00"
2069,"86,749.00","88,494.00"
2070,"99,728.00","101,480.00"
2071,"79,914.00","79,520.00"
2072,"143,640.00","146,810.00"
2073,"129,660.00","131,180.00"
2074,"190,570.00","191,930.00"
2075,"153,990.00","157,250.00"
2076,"144,390.00","142,430.00"
2077,"150,400.00","149,060.00"
2078,"105,160.00","107,170.00"
2079,"137,360.00","139,050.00"
2080,"115,990.00","115,060.00"
2081,"119,860.00","120,970.00"
2082,"130,580.00","129,390.00"
2083,"140,730.00","142,300.00"
2084,"94,288.00","94,837.00"
2085,"111,340.00","111,560.00"
2086,"136,890.00","137,450.00"
2087,"131,790.00","133,410.00"
2088,"105,300.00","106,500.00"
2089,"69,481.00","68,017.00"
2090,"139,700.00","141,340.00"
2091,"80,369.00","86,621.00"
2092,"129,570.00","131,550.00"
2093,"170,660.00","170,740.00"
2094,"126,770.00","126,650.00"
2095,"143,970.00","144,910.00"
2096,"70,725.00","71,600.00"
2097,"116,570.00","117,780.00"
2098,"160,080.00","161,710.00"
2099,"23,194.00","24,165.00"
2100,"68,042.00","74,948.00"
2101,"109,000.00","112,160.00"
2102,"142,580.00","142,890.00"
2103,"78,070.00","82,366.00"
2104,"140,270.00","143,850.00"
2105,"169,550.00","170,180.00"
2106,"75,603.00","78,654.00"
2107,"201,480.00","208,760.00"
2108,"130,690.00","131,580.00"
2109,"99,934.00","101,050.00"
2110,"141,900.00","140,620.00"
2111,"242,010.00","233,120.00"
2112,"132,670.00","133,670.00"
2113,"118,880.00","118,370.00"
2114,"149,780.00","147,310.00"
2115,"162,690.00","163,040.00"
2116,"110,550.00","109,900.00"
2117,"149,990.00","151,000.00"
2118,"100,530.00","99,636.00"
2119,"111,340.00","109,390.00"
2120,"108,280.00","109,960.00"
2121,"106,650.00","105,890.00"
2122,"95,150.00","96,304.00"
2123,"72,152.00","71,251.00"
2124,"159,700.00","160,460.00"
2125,"143,430.00","144,560.00"
2126,"142,790.00","147,400.00"
2127,"176,590.00","178,460.00"
2128,"136,710.00","137,230.00"
2129,"60,708.00","55,123.00"
2130,"150,790.00","154,410.00"
2131,"119,100.00","128,400.00"
2132,"113,270.00","117,150.00"
2133,"116,980.00","117,460.00"
2134,"125,610.00","127,390.00"
2135,"132,210.00","133,600.00"
2136,"50,517.00","54,310.00"
2137,"121,860.00","123,460.00"
2138,"135,090.00","135,930.00"
2139,"155,760.00","157,100.00"
2140,"138,530.00","140,030.00"
2141,"148,790.00","148,550.00"
2142,"111,690.00","113,490.00"
2143,"136,280.00","134,230.00"
2144,"134,540.00","138,510.00"
2145,"145,930.00","146,870.00"
2146,"179,590.00","181,930.00"
2147,"140,890.00","144,790.00"
2148,"148,110.00","149,730.00"
2149,"143,470.00","143,870.00"
2150,"219,100.00","225,100.00"
2151,"115,280.00","113,660.00"
2153,"191,730.00","189,890.00"
2154,"109,860.00","110,310.00"
2155,"148,820.00","150,940.00"
2156,"275,680.00","279,450.00"
2157,"247,940.00","247,160.00"
2158,"225,820.00","231,590.00"
2159,"213,330.00","216,660.00"
2160,"203,670.00","207,940.00"
2161,"240,220.00","239,160.00"
2162,"393,810.00","390,940.00"
2163,"358,960.00","356,910.00"
2164,"251,890.00","251,420.00"
2165,"194,600.00","196,420.00"
2166,"150,970.00","150,800.00"
2167,"215,310.00","214,380.00"
2168,"192,330.00","197,650.00"
2169,"199,520.00","202,030.00"
2170,"230,500.00","233,170.00"
2171,"142,700.00","145,600.00"
2172,"141,990.00","142,650.00"
2173,"165,620.00","168,300.00"
2174,"235,740.00","237,950.00"
2175,"294,220.00","294,680.00"
2176,"307,790.00","307,340.00"
2177,"246,920.00","250,920.00"
2178,"220,670.00","224,900.00"
2179,"138,980.00","135,180.00"
2180,"227,860.00","225,040.00"
2181,"191,040.00","191,320.00"
2182,"224,330.00","224,490.00"
2183,"190,900.00","191,140.00"
2184,"139,190.00","139,320.00"
2185,"122,770.00","127,160.00"
2186,"166,400.00","164,470.00"
2187,"156,240.00","155,560.00"
2188,"155,040.00","155,600.00"
2189,"302,290.00","329,260.00"
2190,"67,982.00","65,967.00"
2191,"66,046.00","65,314.00"
2192,"79,611.00","79,798.00"
2193,"131,890.00","137,380.00"
2194,"119,960.00","122,470.00"
2195,"82,765.00","82,962.00"
2196,"97,590.00","97,806.00"
2197,"110,240.00","110,710.00"
2198,"165,290.00","165,000.00"
2199,"184,990.00","185,030.00"
2200,"144,970.00","146,380.00"
2201,"122,590.00","130,710.00"
2202,"211,680.00","211,670.00"
2203,"117,650.00","122,280.00"
2204,"152,120.00","156,510.00"
2205,"115,170.00","117,190.00"
2206,"138,510.00","138,770.00"
2207,"214,160.00","216,260.00"
2208,"250,960.00","255,340.00"
2209,"225,900.00","237,100.00"
2210,"107,910.00","104,910.00"
2211,"115,140.00","114,790.00"
2212,"135,270.00","134,420.00"
2213,"94,582.00","97,795.00"
2214,"140,410.00","139,010.00"
2215,"87,350.00","88,362.00"
2216,"164,680.00","167,260.00"
2218,"99,261.00","98,606.00"
2219,"94,324.00","93,568.00"
2220,"37,656.00","36,120.00"
2221,"300,600.00","294,330.00"
2222,"265,920.00","258,390.00"
2223,"304,530.00","311,510.00"
2224,"211,210.00","214,650.00"
2225,"118,920.00","123,400.00"
2226,"197,910.00","197,800.00"
2227,"211,700.00","208,180.00"
2228,"285,180.00","283,170.00"
2229,"256,810.00","260,720.00"
2230,"140,430.00","144,180.00"
2231,"212,740.00","216,770.00"
2232,"175,450.00","178,050.00"
2233,"185,380.00","191,650.00"
2234,"259,530.00","258,290.00"
2235,"236,360.00","232,930.00"
2236,"267,990.00","267,010.00"
2237,"333,930.00","331,890.00"
2238,"208,510.00","206,120.00"
2239,"217,340.00","208,110.00"
2240,"168,450.00","164,200.00"
2241,"164,720.00","168,440.00"
2242,"112,920.00","110,180.00"
2243,"108,160.00","107,100.00"
2244,"85,110.00","82,930.00"
2245,"86,990.00","84,185.00"
2246,"137,030.00","143,010.00"
2247,"135,390.00","133,270.00"
2248,"115,630.00","114,490.00"
2249,"122,990.00","121,910.00"
2250,"130,880.00","132,730.00"
2252,"208,970.00","208,800.00"
2253,"152,910.00","155,340.00"
2254,"169,390.00","172,470.00"
2255,"201,610.00","202,690.00"
2256,"181,930.00","183,060.00"
2257,"196,160.00","199,330.00"
2258,"148,650.00","149,160.00"
2259,"162,890.00","163,710.00"
2260,"130,240.00","131,350.00"
2261,"168,630.00","165,180.00"
2262,"200,330.00","195,410.00"
2263,"333,940.00","336,540.00"
2264,"445,020.00","465,760.00"
2265,"160,910.00","184,050.00"
2266,"281,320.00","276,860.00"
2267,"377,310.00","374,200.00"
2268,"342,920.00","345,640.00"
2269,"160,160.00","161,500.00"
2270,"199,460.00","203,250.00"
2271,"227,370.00","228,470.00"
2272,"228,890.00","233,830.00"
2273,"168,530.00","170,220.00"
2274,"182,050.00","182,910.00"
2275,"183,090.00","185,350.00"
2276,"193,450.00","192,710.00"
2277,"200,570.00","201,680.00"
2278,"145,610.00","145,940.00"
2279,"108,940.00","109,100.00"
2280,"106,440.00","111,800.00"
2281,"157,110.00","152,530.00"
2282,"181,360.00","180,350.00"
2283,"119,050.00","116,410.00"
2284,"109,100.00","107,390.00"
2285,"132,890.00","129,660.00"
2286,"120,350.00","119,290.00"
2287,"348,160.00","345,950.00"
2288,"275,690.00","274,610.00"
2289,"343,830.00","344,150.00"
2290,"410,600.00","409,960.00"
2291,"334,740.00","338,580.00"
2292,"399,580.00","397,220.00"
2293,"437,880.00","434,370.00"
2294,"364,040.00","366,150.00"
2295,"445,560.00","444,920.00"
2296,"277,780.00","283,280.00"
2297,"337,200.00","337,010.00"
2298,"314,510.00","312,960.00"
2299,"336,420.00","340,310.00"
2300,"324,500.00","326,730.00"
2301,"295,920.00","297,310.00"
2302,"254,160.00","252,750.00"
2303,"245,320.00","243,830.00"
2304,"259,060.00","261,290.00"
2305,"206,380.00","201,770.00"
2306,"194,780.00","189,610.00"
2307,"193,620.00","190,630.00"
2308,"213,700.00","209,330.00"
2309,"289,040.00","284,350.00"
2310,"214,760.00","212,460.00"
2311,"216,580.00","208,710.00"
2312,"189,420.00","195,990.00"
2313,"170,630.00","173,180.00"
2314,"185,630.00","191,170.00"
2315,"189,300.00","191,220.00"
2316,"208,350.00","211,630.00"
2317,"188,510.00","189,800.00"
2318,"182,540.00","184,490.00"
2319,"193,910.00","194,930.00"
2320,"195,330.00","193,940.00"
2321,"242,110.00","236,430.00"
2322,"201,340.00","197,340.00"
2323,"193,240.00","196,510.00"
2324,"201,160.00","204,790.00"
2325,"219,170.00","220,050.00"
2326,"172,200.00","176,020.00"
2327,"210,920.00","212,810.00"
2328,"232,960.00","234,870.00"
2329,"181,940.00","183,980.00"
2330,"176,430.00","178,460.00"
2331,"335,450.00","336,890.00"
2332,"368,170.00","369,170.00"
2333,"313,870.00","315,820.00"
2334,"257,080.00","260,880.00"
2335,"279,170.00","281,080.00"
2336,"308,520.00","309,510.00"
2337,"211,420.00","211,530.00"
2338,"282,380.00","282,100.00"
2339,"240,290.00","240,340.00"
2340,"406,340.00","403,060.00"
2341,"219,130.00","220,460.00"
2342,"236,490.00","234,750.00"
2343,"230,240.00","228,200.00"
2344,"235,690.00","237,660.00"
2345,"242,910.00","243,180.00"
2346,"213,070.00","212,070.00"
2347,"199,880.00","199,260.00"
2348,"247,840.00","248,990.00"
2349,"180,220.00","183,970.00"
2350,"298,720.00","300,000.00"
2351,"251,140.00","250,180.00"
2352,"247,220.00","247,030.00"
2353,"242,520.00","245,500.00"
2354,"154,290.00","154,540.00"
2355,"160,650.00","160,140.00"
2356,"163,700.00","165,130.00"
2357,"202,680.00","200,930.00"
2358,"193,480.00","196,780.00"
2359,"124,710.00","125,450.00"
2360,"102,200.00","101,270.00"
2361,"152,020.00","151,030.00"
2362,"281,460.00","288,480.00"
2363,"157,400.00","156,310.00"
2364,"175,030.00","176,600.00"
2365,"219,490.00","215,020.00"
2366,"192,870.00","188,800.00"
2367,"221,010.00","216,330.00"
2368,"228,460.00","222,110.00"
2369,"218,260.00","215,020.00"
2370,"158,000.00","155,630.00"
2371,"159,860.00","157,720.00"
2372,"192,910.00","190,770.00"
2373,"294,130.00","291,050.00"
2374,"317,880.00","316,670.00"
2375,"236,770.00","233,930.00"
2376,"312,220.00","312,790.00"
2377,"349,330.00","350,300.00"
2378,"141,270.00","143,710.00"
2379,"244,530.00","245,420.00"
2380,"149,260.00","148,840.00"
2381,"177,620.00","179,230.00"
2382,"218,470.00","218,820.00"
2383,"208,510.00","207,770.00"
2384,"260,880.00","262,490.00"
2385,"169,200.00","169,950.00"
2386,"146,630.00","148,000.00"
2387,"128,000.00","127,810.00"
2388,"100,970.00","101,790.00"
2389,"118,820.00","118,270.00"
2390,"134,690.00","137,750.00"
2391,"147,850.00","147,160.00"
2392,"100,860.00","101,200.00"
2393,"171,230.00","170,860.00"
2394,"134,170.00","133,940.00"
2395,"209,090.00","212,140.00"
2396,"133,740.00","136,180.00"
2397,"226,890.00","233,180.00"
2398,"121,390.00","124,390.00"
2399,"81,234.00","78,760.00"
2400,"62,281.00","60,719.00"
2401,"163,950.00","156,600.00"
2402,"136,690.00","136,800.00"
2403,"129,650.00","128,650.00"
2404,"144,320.00","146,220.00"
2405,"166,230.00","165,260.00"
2406,"146,970.00","148,260.00"
2407,"137,120.00","136,370.00"
2408,"153,470.00","152,610.00"
2409,"107,560.00","107,890.00"
2410,"202,880.00","202,610.00"
2411,"103,360.00","104,180.00"
2412,"162,240.00","164,140.00"
2413,"116,300.00","117,450.00"
2414,"151,100.00","154,060.00"
2415,"112,750.00","111,600.00"
2416,"128,360.00","129,060.00"
2417,"125,830.00","124,920.00"
2418,"120,760.00","120,720.00"
2419,"131,100.00","132,080.00"
2420,"107,320.00","107,150.00"
2421,"266,140.00","244,150.00"
2422,"102,960.00","107,470.00"
2423,"150,170.00","156,480.00"
2424,"116,040.00","126,270.00"
2425,"245,190.00","262,310.00"
2426,"143,550.00","146,670.00"
2427,"113,160.00","120,610.00"
2428,"188,360.00","190,880.00"
2429,"114,440.00","115,370.00"
2430,"131,990.00","131,760.00"
2431,"83,588.00","84,770.00"
2432,"129,470.00","128,980.00"
2433,"134,560.00","133,160.00"
2434,"147,080.00","147,370.00"
2435,"157,000.00","155,880.00"
2436,"109,190.00","107,850.00"
2437,"95,063.00","93,901.00"
2438,"114,040.00","112,180.00"
2439,"117,210.00","116,140.00"
2440,"133,280.00","132,570.00"
2441,"131,650.00","128,230.00"
2442,"93,054.00","90,918.00"
2443,"128,990.00","127,700.00"
2444,"127,920.00","130,980.00"
2445,"109,510.00","109,390.00"
2446,"133,580.00","137,760.00"
2447,"211,410.00","214,390.00"
2448,"141,520.00","145,060.00"
2449,"113,180.00","113,200.00"
2450,"147,420.00","150,100.00"
2451,"133,470.00","133,730.00"
2452,"200,780.00","207,040.00"
2453,"87,159.00","88,416.00"
2454,"115,220.00","117,750.00"
2455,"113,190.00","112,330.00"
2456,"242,340.00","231,210.00"
2457,"123,440.00","124,530.00"
2458,"113,240.00","113,550.00"
2459,"107,350.00","105,450.00"
2460,"144,170.00","143,860.00"
2461,"112,090.00","112,080.00"
2462,"125,250.00","125,230.00"
2463,"130,860.00","130,340.00"
2464,"182,190.00","185,860.00"
2465,"141,390.00","142,470.00"
2466,"143,000.00","144,490.00"
2467,"150,240.00","150,170.00"
2468,"74,810.00","76,770.00"
2469,"81,828.00","82,289.00"
2470,"205,200.00","210,170.00"
2471,"236,350.00","237,530.00"
2472,"184,950.00","188,650.00"
2473,"144,040.00","140,980.00"
2475,"243,820.00","247,150.00"
2476,"98,314.00","97,620.00"
2477,"99,815.00","102,280.00"
2478,"149,020.00","150,210.00"
2479,"95,354.00","99,552.00"
2480,"155,970.00","158,150.00"
2481,"113,940.00","115,310.00"
2482,"113,070.00","113,730.00"
2483,"92,496.00","93,089.00"
2484,"125,570.00","124,750.00"
2485,"118,070.00","117,370.00"
2486,"142,560.00","145,310.00"
2487,"168,270.00","179,330.00"
2488,"179,740.00","179,290.00"
2489,"155,050.00","157,180.00"
2491,"111,600.00","111,340.00"
2492,"175,880.00","175,900.00"
2493,"124,790.00","132,730.00"
2494,"151,100.00","159,960.00"
2495,"63,833.00","70,678.00"
2496,"210,660.00","214,910.00"
2497,"169,880.00","172,000.00"
2498,"96,334.00","94,957.00"
2499,"72,704.00","75,583.00"
2500,"120,120.00","115,230.00"
2501,"155,970.00","155,150.00"
2502,"151,190.00","152,820.00"
2503,"113,510.00","115,520.00"
2504,"326,400.00","308,630.00"
2505,"218,630.00","220,570.00"
2506,"265,150.00","263,940.00"
2507,"302,500.00","302,110.00"
2508,"262,210.00","261,690.00"
2509,"224,690.00","225,370.00"
2510,"226,140.00","224,630.00"
2511,"186,390.00","184,450.00"
2512,"208,760.00","210,660.00"
2513,"228,790.00","229,550.00"
2514,"264,570.00","267,950.00"
2515,"140,150.00","144,010.00"
2516,"166,650.00","169,510.00"
2517,"135,530.00","135,590.00"
2518,"141,830.00","146,330.00"
2519,"225,830.00","228,130.00"
2520,"225,280.00","228,510.00"
2521,"197,240.00","199,590.00"
2522,"234,630.00","235,340.00"
2523,"120,720.00","123,880.00"
2524,"127,340.00","127,800.00"
2525,"146,790.00","148,480.00"
2526,"126,330.00","127,420.00"
2527,"87,777.00","93,426.00"
2528,"123,180.00","123,640.00"
2529,"137,250.00","137,520.00"
2530,"118,110.00","117,960.00"
2531,"270,410.00","268,230.00"
2532,"232,280.00","233,240.00"
2533,"214,270.00","215,460.00"
2534,"244,580.00","244,860.00"
2535,"294,940.00","297,340.00"
2536,"228,770.00","233,650.00"
2537,"240,230.00","242,330.00"
2538,"201,450.00","203,300.00"
2539,"195,820.00","194,650.00"
2540,"194,450.00","194,120.00"
2541,"187,030.00","188,100.00"
2542,"160,990.00","163,720.00"
2543,"130,980.00","131,100.00"
2544,"117,730.00","116,000.00"
2545,"133,630.00","139,530.00"
2546,"127,160.00","125,940.00"
2547,"155,810.00","152,330.00"
2548,"159,750.00","162,200.00"
2549,"159,370.00","160,580.00"
2550,"780,130.00","780,750.00"
2551,"131,920.00","128,350.00"
2552,"132,390.00","130,490.00"
2553,"66,658.00","65,048.00"
2554,"83,176.00","82,832.00"
2555,"110,590.00","112,220.00"
2556,"84,004.00","83,995.00"
2557,"117,910.00","118,270.00"
2558,"157,500.00","163,550.00"
2559,"115,810.00","116,460.00"
2560,"151,430.00","152,130.00"
2561,"125,280.00","124,690.00"
2562,"137,350.00","138,060.00"
2563,"134,060.00","135,460.00"
2564,"190,380.00","191,930.00"
2565,"140,670.00","144,140.00"
2566,"140,030.00","142,740.00"
2567,"117,260.00","119,370.00"
2568,"192,240.00","203,010.00"
2569,"199,970.00","207,760.00"
2570,"104,980.00","101,830.00"
2571,"172,830.00","178,570.00"
2572,"156,280.00","151,100.00"
2573,"223,160.00","229,660.00"
2574,"263,230.00","262,630.00"
2575,"147,680.00","147,470.00"
2576,"146,060.00","149,610.00"
2577,"153,210.00","157,440.00"
2578,"78,831.00","76,789.00"
2579,"15,472.00","21,948.00"
2580,"97,133.00","100,140.00"
2581,"133,070.00","131,060.00"
2582,"141,640.00","139,950.00"
2583,"278,270.00","272,990.00"
2584,"193,190.00","192,840.00"
2585,"199,820.00","199,440.00"
2586,"240,370.00","239,920.00"
2587,"207,800.00","207,140.00"
2588,"154,080.00","154,760.00"
2589,"160,040.00","158,660.00"
2590,"228,610.00","223,640.00"
2591,"227,660.00","236,000.00"
2592,"238,370.00","236,780.00"
2593,"254,040.00","251,550.00"
2594,"176,730.00","177,260.00"
2595,"221,400.00","217,170.00"
2596,"313,210.00","310,990.00"
2597,"203,540.00","200,840.00"
2598,"275,940.00","280,150.00"
2599,"308,480.00","311,340.00"
2600,"371,160.00","359,080.00"
2601,"160,630.00","156,050.00"
2602,"61,283.00","59,238.00"
2603,"73,036.00","70,277.00"
2604,"87,332.00","85,231.00"
2605,"59,822.00","58,256.00"
2606,"153,300.00","152,180.00"
2607,"217,670.00","218,900.00"
2608,"205,310.00","219,060.00"
2609,"162,370.00","163,330.00"
2610,"103,950.00","104,070.00"
2611,"160,200.00","171,500.00"
2612,"152,590.00","153,850.00"
2613,"124,680.00","126,340.00"
2614,"110,310.00","111,930.00"
2615,"155,160.00","155,490.00"
2616,"166,030.00","165,210.00"
2617,"200,520.00","200,990.00"
2618,"234,390.00","249,420.00"
2619,"218,100.00","218,620.00"
2620,"192,820.00","192,930.00"
2621,"164,450.00","168,810.00"
2622,"183,170.00","185,950.00"
2623,"243,120.00","246,420.00"
2624,"307,250.00","308,550.00"
2625,"281,620.00","284,030.00"
2626,"164,480.00","163,130.00"
2627,"145,430.00","141,690.00"
2628,"419,150.00","422,160.00"
2629,"433,590.00","439,240.00"
2630,"348,610.00","350,450.00"
2631,"422,520.00","423,310.00"
2632,"376,720.00","381,260.00"
2633,"298,030.00","292,490.00"
2634,"380,610.00","379,780.00"
2635,"158,830.00","158,110.00"
2636,"187,160.00","189,580.00"
2637,"215,690.00","209,910.00"
2638,"281,130.00","283,280.00"
2639,"202,200.00","204,620.00"
2640,"164,030.00","163,240.00"
2641,"84,854.00","84,352.00"
2642,"190,730.00","187,590.00"
2643,"106,060.00","103,800.00"
2644,"133,730.00","129,990.00"
2645,"114,030.00","110,970.00"
2646,"100,390.00","97,060.00"
2647,"112,680.00","109,610.00"
2648,"135,750.00","131,930.00"
2649,"136,720.00","135,910.00"
2650,"134,020.00","129,640.00"
2651,"116,480.00","115,600.00"
2652,"381,970.00","384,120.00"
2653,"248,030.00","250,420.00"
2654,"261,620.00","261,270.00"
2655,"382,460.00","378,890.00"
2656,"309,520.00","314,590.00"
2657,"351,490.00","349,200.00"
2658,"296,750.00","299,050.00"
2659,"314,310.00","316,200.00"
2660,"350,720.00","351,310.00"
2661,"357,480.00","355,420.00"
2662,"355,090.00","353,570.00"
2663,"282,180.00","283,530.00"
2664,"275,520.00","269,190.00"
2665,"341,890.00","336,260.00"
2666,"300,080.00","294,520.00"
2667,"187,180.00","189,620.00"
2668,"198,530.00","201,040.00"
2669,"193,660.00","195,130.00"
2670,"286,920.00","291,000.00"
2671,"206,020.00","207,860.00"
2672,"205,180.00","200,530.00"
2673,"205,520.00","199,790.00"
2674,"213,970.00","207,700.00"
2675,"182,620.00","178,320.00"
2676,"194,630.00","195,880.00"
2677,"206,560.00","207,460.00"
2678,"264,220.00","267,850.00"
2679,"277,750.00","278,350.00"
2680,"272,460.00","273,820.00"
2681,"379,320.00","377,860.00"
2682,"311,500.00","312,750.00"
2683,"444,120.00","446,410.00"
2684,"296,540.00","297,930.00"
2685,"318,330.00","319,830.00"
2686,"267,090.00","270,730.00"
2687,"312,790.00","312,690.00"
2688,"236,740.00","237,010.00"
2689,"212,010.00","210,370.00"
2690,"403,470.00","402,330.00"
2691,"186,940.00","187,390.00"
2692,"154,500.00","153,700.00"
2693,"210,140.00","210,970.00"
2694,"161,720.00","165,040.00"
2695,"208,040.00","208,230.00"
2696,"190,850.00","191,230.00"
2697,"181,160.00","182,660.00"
2698,"220,320.00","221,110.00"
2699,"177,870.00","175,270.00"
2700,"149,970.00","148,020.00"
2701,"148,920.00","151,210.00"
2702,"105,610.00","106,240.00"
2703,"123,670.00","123,540.00"
2704,"146,380.00","146,170.00"
2705,"100,630.00","100,960.00"
2706,"102,190.00","102,080.00"
2707,"123,770.00","123,040.00"
2708,"123,250.00","125,610.00"
2709,"116,360.00","115,260.00"
2710,"124,950.00","124,150.00"
2711,"372,340.00","339,490.00"
2712,"375,020.00","372,860.00"
2713,"164,470.00","158,890.00"
2714,"137,020.00","134,860.00"
2715,"169,420.00","166,860.00"
2716,"133,100.00","131,530.00"
2717,"177,420.00","178,770.00"
2718,"208,680.00","205,350.00"
2719,"185,420.00","183,580.00"
2720,"198,100.00","197,390.00"
2721,"133,420.00","133,450.00"
2722,"160,250.00","162,330.00"
2723,"169,540.00","168,150.00"
2724,"111,250.00","110,850.00"
2725,"124,450.00","124,190.00"
2726,"154,910.00","154,180.00"
2727,"173,810.00","174,170.00"
2728,"178,610.00","178,460.00"
2729,"149,840.00","151,490.00"
2730,"146,580.00","146,840.00"
2731,"128,430.00","127,850.00"
2732,"111,170.00","111,600.00"
2733,"164,940.00","164,210.00"
2734,"150,110.00","151,580.00"
2735,"134,560.00","134,990.00"
2736,"136,690.00","139,480.00"
2737,"110,720.00","111,460.00"
2738,"119,230.00","118,040.00"
2739,"168,030.00","168,060.00"
2740,"139,660.00","139,640.00"
2741,"147,460.00","146,140.00"
2742,"164,270.00","164,710.00"
2743,"154,480.00","154,680.00"
2744,"157,440.00","157,500.00"
2745,"155,740.00","154,730.00"
2746,"125,770.00","128,420.00"
2747,"140,540.00","142,570.00"
2748,"92,349.00","93,186.00"
2749,"128,830.00","129,080.00"
2750,"124,010.00","126,450.00"
2751,"130,020.00","133,970.00"
2752,"238,120.00","246,840.00"
2753,"152,760.00","159,910.00"
2754,"258,520.00","268,290.00"
2755,"138,580.00","139,500.00"
2756,"73,262.00","75,999.00"
2757,"47,557.00","50,261.00"
2758,"98,048.00","98,861.00"
2759,"159,870.00","161,470.00"
2760,"156,620.00","160,030.00"
2761,"146,680.00","146,820.00"
2762,"141,790.00","142,300.00"
2763,"200,340.00","199,780.00"
2764,"172,980.00","174,600.00"
2765,"292,750.00","296,680.00"
2766,"134,630.00","136,920.00"
2767,"52,218.00","54,697.00"
2768,"106,470.00","106,260.00"
2769,"123,920.00","122,030.00"
2770,"161,220.00","159,340.00"
2771,"96,097.00","95,365.00"
2772,"122,930.00","121,760.00"
2773,"175,520.00","179,170.00"
2774,"153,670.00","154,340.00"
2775,"130,370.00","130,250.00"
2776,"147,460.00","150,180.00"
2777,"161,230.00","159,780.00"
2778,"134,750.00","131,060.00"
2779,"119,440.00","120,340.00"
2780,"119,000.00","119,160.00"
2781,"93,431.00","89,362.00"
2782,"84,712.00","84,123.00"
2783,"84,711.00","85,965.00"
2784,"109,790.00","107,900.00"
2785,"124,500.00","125,730.00"
2786,"56,522.00","55,945.00"
2787,"140,980.00","141,100.00"
2788,"53,371.00","53,311.00"
2789,"182,570.00","183,560.00"
2790,"87,510.00","86,383.00"
2791,"104,170.00","103,740.00"
2792,"99,514.00","96,467.00"
2793,"182,850.00","185,680.00"
2794,"101,460.00","102,000.00"
2795,"118,460.00","118,780.00"
2796,"80,845.00","83,906.00"
2797,"265,260.00","274,800.00"
2798,"128,160.00","131,700.00"
2799,"153,140.00","151,640.00"
2800,"71,991.00","73,812.00"
2801,"142,950.00","142,010.00"
2802,"116,590.00","119,630.00"
2803,"200,230.00","194,950.00"
2804,"127,430.00","138,460.00"
2805,"105,200.00","104,840.00"
2806,"63,003.00","61,619.00"
2807,"150,430.00","147,350.00"
2808,"148,050.00","148,740.00"
2809,"118,710.00","118,960.00"
2810,"129,040.00","128,830.00"
2811,"168,320.00","167,420.00"
2812,"176,490.00","172,890.00"
2813,"137,620.00","137,480.00"
2814,"150,080.00","148,080.00"
2815,"87,456.00","92,043.00"
2816,"241,450.00","244,550.00"
2817,"142,190.00","142,990.00"
2818,"119,420.00","120,620.00"
2819,"177,850.00","176,870.00"
2820,"126,030.00","126,720.00"
2821,"121,620.00","119,760.00"
2822,"192,910.00","201,910.00"
2823,"348,460.00","355,310.00"
2824,"181,280.00","180,500.00"
2825,"161,630.00","163,080.00"
2826,"122,400.00","123,990.00"
2827,"138,870.00","141,340.00"
2828,"244,400.00","248,460.00"
2829,"211,450.00","205,830.00"
2830,"253,540.00","255,920.00"
2831,"200,440.00","198,250.00"
2832,"269,760.00","270,160.00"
2833,"314,400.00","312,510.00"
2834,"233,420.00","236,430.00"
2835,"228,090.00","226,590.00"
2836,"203,970.00","205,840.00"
2837,"177,540.00","178,820.00"
2838,"125,490.00","128,390.00"
2839,"175,370.00","179,100.00"
2840,"193,670.00","192,450.00"
2841,"213,290.00","214,790.00"
2842,"232,500.00","236,390.00"
2843,"148,090.00","149,200.00"
2844,"183,720.00","183,960.00"
2845,"124,550.00","123,140.00"
2846,"222,670.00","224,370.00"
2847,"195,370.00","197,360.00"
2848,"223,150.00","221,530.00"
2849,"209,240.00","211,460.00"
2850,"286,780.00","288,360.00"
2851,"226,660.00","236,000.00"
2852,"231,490.00","234,570.00"
2853,"225,190.00","228,360.00"
2854,"149,940.00","145,470.00"
2855,"218,290.00","216,390.00"
2856,"213,850.00","215,920.00"
2857,"191,370.00","192,380.00"
2858,"226,190.00","225,040.00"
2859,"94,242.00","98,393.00"
2860,"160,800.00","163,600.00"
2861,"135,610.00","139,000.00"
2862,"217,500.00","216,880.00"
2863,"137,430.00","136,040.00"
2864,"286,300.00","287,490.00"
2865,"146,960.00","143,470.00"
2866,"168,040.00","164,370.00"
2867,"86,530.00","86,055.00"
2868,"132,100.00","133,260.00"
2869,"108,490.00","110,860.00"
2870,"129,510.00","135,690.00"
2871,"66,614.00","73,557.00"
2872,"19,560.00","20,840.00"
2873,"87,489.00","88,369.00"
2874,"177,380.00","178,550.00"
2875,"124,310.00","122,020.00"
2876,"182,050.00","181,790.00"
2877,"140,470.00","139,890.00"
2878,"177,080.00","177,200.00"
2879,"136,580.00","138,810.00"
2880,"105,420.00","104,430.00"
2881,"116,460.00","127,490.00"
2882,"156,990.00","159,650.00"
2883,"199,400.00","200,080.00"
2884,"197,850.00","201,140.00"
2885,"161,830.00","167,870.00"
2886,"232,370.00","237,580.00"
2887,"112,770.00","111,160.00"
2888,"140,520.00","140,490.00"
2889,"55,655.00","55,604.00"
2890,"69,922.00","69,700.00"
2891,"151,310.00","153,400.00"
2892,"44,124.00","46,315.00"
2893,"79,054.00","78,142.00"
2894,"30,286.00","27,126.00"
2895,"316,370.00","308,800.00"
2896,"275,900.00","267,380.00"
2897,"214,840.00","222,730.00"
2898,"151,280.00","149,400.00"
2899,"229,540.00","226,830.00"
2900,"169,240.00","169,800.00"
2901,"235,160.00","258,290.00"
2902,"208,970.00","205,740.00"
2903,"331,570.00","330,000.00"
2904,"342,170.00","339,690.00"
2906,"199,350.00","194,120.00"
2907,"83,154.00","82,277.00"
2908,"116,930.00","118,030.00"
2909,"147,410.00","147,620.00"
2910,"62,529.00","58,021.00"
2911,"58,594.00","56,286.00"
2912,"145,160.00","146,660.00"
2913,"78,215.00","76,143.00"
2914,"64,124.00","61,893.00"
2915,"82,257.00","80,001.00"
2916,"79,628.00","77,667.00"
2917,"193,800.00","200,290.00"
2918,"112,950.00","113,320.00"
2919,"232,360.00","233,270.00"