Id,SalePrice,,
1461,"122,465.00","121,780.00","123,150.00"
1462,"185,725.00","185,440.00","186,010.00"
1463,"179,495.00","176,470.00","182,520.00"
1464,"212,085.00","210,860.00","213,310.00"
1465,"186,930.00","188,320.00","185,540.00"
1466,"165,240.00","162,900.00","167,580.00"
1467,"177,640.00","177,780.00","177,500.00"
1468,"157,105.00","155,510.00","158,700.00"
1469,"200,710.00","200,530.00","200,890.00"
1470,"112,520.00","111,950.00","113,090.00"
1471,"201,500.00","203,260.00","199,740.00"
1472,"110,755.00","111,700.00","109,810.00"
1473,"92,825.50","93,325.00","92,326.00"
1474,"147,220.00","147,430.00","147,010.00"
1475,"87,682.50","88,140.00","87,225.00"
1476,"352,435.00","351,570.00","353,300.00"
1477,"248,460.00","247,060.00","249,860.00"
1478,"295,725.00","295,990.00","295,460.00"
1479,"281,730.00","281,250.00","282,210.00"
1480,"452,975.00","454,520.00","451,430.00"
1481,"298,485.00","296,880.00","300,090.00"
1482,"194,415.00","194,910.00","193,920.00"
1483,"182,170.00","178,660.00","185,680.00"
1484,"162,605.00","164,060.00","161,150.00"
1485,"194,495.00","191,640.00","197,350.00"
1486,"210,060.00","208,540.00","211,580.00"
1487,"317,385.00","314,900.00","319,870.00"
1488,"239,010.00","239,340.00","238,680.00"
1489,"194,915.00","194,610.00","195,220.00"
1490,"254,505.00","255,480.00","253,530.00"
1491,"201,380.00","199,100.00","203,660.00"
1492,"82,261.00","81,319.00","83,203.00"
1493,"203,655.00","201,770.00","205,540.00"
1494,"285,010.00","282,870.00","287,150.00"
1495,"278,305.00","276,890.00","279,720.00"
1496,"243,815.00","246,170.00","241,460.00"
1497,"169,730.00","170,280.00","169,180.00"
1498,"160,115.00","160,930.00","159,300.00"
1499,"152,085.00","153,000.00","151,170.00"
1500,"146,365.00","147,240.00","145,490.00"
1501,"187,725.00","188,140.00","187,310.00"
1502,"136,240.00","136,880.00","135,600.00"
1503,"299,690.00","299,360.00","300,020.00"
1504,"235,760.00","235,300.00","236,220.00"
1505,"222,155.00","222,870.00","221,440.00"
1506,"208,240.00","207,600.00","208,880.00"
1507,"261,020.00","258,820.00","263,220.00"
1508,"200,760.00","195,980.00","205,540.00"
1509,"155,955.00","153,940.00","157,970.00"
1510,"145,585.00","144,830.00","146,340.00"
1511,"152,385.00","151,560.00","153,210.00"
1512,"193,140.00","192,700.00","193,580.00"
1513,"175,120.00","173,170.00","177,070.00"
1514,"193,065.00","191,410.00","194,720.00"
1515,"221,370.00","220,150.00","222,590.00"
1516,"162,965.00","158,860.00","167,070.00"
1517,"189,055.00","188,460.00","189,650.00"
1518,"117,150.00","117,020.00","117,280.00"
1519,"238,940.00","239,420.00","238,460.00"
1520,"124,915.00","124,410.00","125,420.00"
1521,"136,170.00","134,830.00","137,510.00"
1522,"186,725.00","186,270.00","187,180.00"
1523,"98,250.50","96,682.00","99,819.00"
1524,"123,790.00","122,170.00","125,410.00"
1525,"102,155.00","100,530.00","103,780.00"
1526,"103,270.00","100,640.00","105,900.00"
1527,"87,667.00","85,872.00","89,462.00"
1528,"148,235.00","147,350.00","149,120.00"
1529,"143,265.00","143,420.00","143,110.00"
1530,"211,210.00","212,200.00","210,220.00"
1531,"134,870.00","133,840.00","135,900.00"
1532,"110,680.00","111,430.00","109,930.00"
1533,"157,645.00","158,910.00","156,380.00"
1534,"129,265.00","127,950.00","130,580.00"
1535,"175,805.00","173,790.00","177,820.00"
1536,"111,465.00","110,410.00","112,520.00"
1537,"56,924.50","55,222.00","58,627.00"
1538,"185,470.00","183,160.00","187,780.00"
1539,"232,695.00","230,470.00","234,920.00"
1540,"129,875.00","126,050.00","133,700.00"
1541,"167,705.00","165,870.00","169,540.00"
1542,"189,070.00","190,960.00","187,180.00"
1543,"207,710.00","206,400.00","209,020.00"
1544,"81,821.50","82,220.00","81,423.00"
1545,"127,735.00","127,280.00","128,190.00"
1546,"129,940.00","129,130.00","130,750.00"
1547,"140,690.00","140,300.00","141,080.00"
1548,"141,520.00","141,340.00","141,700.00"
1549,"121,445.00","120,800.00","122,090.00"
1550,"134,875.00","133,910.00","135,840.00"
1551,"146,955.00","147,760.00","146,150.00"
1552,"133,490.00","131,120.00","135,860.00"
1553,"174,200.00","171,150.00","177,250.00"
1554,"112,000.00","111,600.00","112,400.00"
1555,"176,215.00","173,400.00","179,030.00"
1557,"152,845.00","152,110.00","153,580.00"
1558,"111,315.00","111,720.00","110,910.00"
1559,"76,486.50","73,647.00","79,326.00"
1560,"112,760.00","113,250.00","112,270.00"
1561,"163,815.00","163,230.00","164,400.00"
1562,"119,825.00","119,060.00","120,590.00"
1563,"116,550.00","116,210.00","116,890.00"
1564,"163,020.00","163,460.00","162,580.00"
1565,"141,015.00","138,760.00","143,270.00"
1566,"241,155.00","239,050.00","243,260.00"
1567,"77,928.00","77,047.00","78,809.00"
1568,"226,860.00","223,100.00","230,620.00"
1569,"125,295.00","119,710.00","130,880.00"
1570,"126,255.00","123,940.00","128,570.00"
1571,"86,076.00","81,790.00","90,362.00"
1572,"147,020.00","146,290.00","147,750.00"
1573,"274,280.00","272,890.00","275,670.00"
1574,"117,455.00","115,580.00","119,330.00"
1575,"236,350.00","236,530.00","236,170.00"
1576,"254,715.00","252,730.00","256,700.00"
1577,"186,320.00","186,750.00","185,890.00"
1578,"158,890.00","155,040.00","162,740.00"
1579,"126,790.00","125,170.00","128,410.00"
1580,"194,165.00","192,450.00","195,880.00"
1581,"145,435.00","142,690.00","148,180.00"
1582,"115,455.00","115,210.00","115,700.00"
1583,"313,175.00","313,670.00","312,680.00"
1584,"235,315.00","233,500.00","237,130.00"
1585,"145,015.00","146,440.00","143,590.00"
1586,"61,816.00","60,782.00","62,850.00"
1587,"120,170.00","119,330.00","121,010.00"
1588,"146,510.00","145,750.00","147,270.00"
1589,"122,335.00","120,400.00","124,270.00"
1590,"139,705.00","140,430.00","138,980.00"
1591,"82,986.00","82,604.00","83,368.00"
1592,"142,480.00","142,530.00","142,430.00"
1593,"110,090.00","109,980.00","110,200.00"
1594,"130,895.00","128,640.00","133,150.00"
1595,"115,005.00","112,220.00","117,790.00"
1596,"229,400.00","227,480.00","231,320.00"
1597,"173,705.00","169,530.00","177,880.00"
1598,"202,075.00","196,670.00","207,480.00"
1599,"181,715.00","184,090.00","179,340.00"
1600,"164,875.00","166,630.00","163,120.00"
1601,"47,790.00","46,927.00","48,653.00"
1602,"128,290.00","127,100.00","129,480.00"
1603,"42,284.50","43,081.00","41,488.00"
1604,"268,470.00","271,840.00","265,100.00"
1605,"254,675.00","253,010.00","256,340.00"
1606,"186,260.00","186,030.00","186,490.00"
1607,"191,595.00","190,310.00","192,880.00"
1608,"201,840.00","200,840.00","202,840.00"
1609,"197,500.00","197,030.00","197,970.00"
1610,"143,240.00","140,770.00","145,710.00"
1611,"146,020.00","143,390.00","148,650.00"
1612,"186,005.00","185,600.00","186,410.00"
1613,"166,870.00","165,490.00","168,250.00"
1614,"114,605.00","116,670.00","112,540.00"
1615,"90,352.00","90,906.00","89,798.00"
1616,"61,094.00","60,958.00","61,230.00"
1617,"72,460.50","72,974.00","71,947.00"
1618,"128,480.00","128,190.00","128,770.00"
1619,"136,695.00","135,190.00","138,200.00"
1620,"165,885.00","163,910.00","167,860.00"
1621,"131,075.00","128,900.00","133,250.00"
1622,"139,930.00","137,850.00","142,010.00"
1623,"254,345.00","254,520.00","254,170.00"
1624,"226,460.00","224,320.00","228,600.00"
1625,"140,170.00","138,650.00","141,690.00"
1626,"186,925.00","186,470.00","187,380.00"
1627,"192,040.00","190,390.00","193,690.00"
1628,"285,500.00","283,520.00","287,480.00"
1629,"173,165.00","171,730.00","174,600.00"
1630,"349,000.00","351,830.00","346,170.00"
1631,"193,200.00","193,480.00","192,920.00"
1632,"223,635.00","224,230.00","223,040.00"
1633,"180,655.00","179,310.00","182,000.00"
1634,"187,105.00","186,540.00","187,670.00"
1635,"171,565.00","170,160.00","172,970.00"
1636,"140,880.00","140,840.00","140,920.00"
1637,"197,620.00","196,140.00","199,100.00"
1638,"198,440.00","195,260.00","201,620.00"
1639,"200,015.00","199,460.00","200,570.00"
1640,"265,075.00","262,390.00","267,760.00"
1641,"199,535.00","198,440.00","200,630.00"
1642,"224,335.00","224,180.00","224,490.00"
1643,"214,575.00","214,140.00","215,010.00"
1644,"222,705.00","222,270.00","223,140.00"
1645,"233,130.00","234,170.00","232,090.00"
1646,"163,850.00","163,320.00","164,380.00"
1647,"166,610.00","165,430.00","167,790.00"
1648,"135,095.00","135,180.00","135,010.00"
1649,"128,455.00","127,750.00","129,160.00"
1650,"116,180.00","116,310.00","116,050.00"
1651,"106,965.00","106,250.00","107,680.00"
1652,"102,350.00","103,360.00","101,340.00"
1653,"104,400.00","105,470.00","103,330.00"
1654,"127,290.00","127,040.00","127,540.00"
1655,"119,220.00","120,250.00","118,190.00"
1656,"123,330.00","123,240.00","123,420.00"
1657,"129,620.00","129,140.00","130,100.00"
1658,"135,045.00","135,170.00","134,920.00"
1659,"112,030.00","113,240.00","110,820.00"
1660,"146,985.00","146,200.00","147,770.00"
1661,"420,675.00","420,020.00","421,330.00"
1662,"366,710.00","365,720.00","367,700.00"
1663,"348,420.00","349,660.00","347,180.00"
1664,"420,825.00","420,240.00","421,410.00"
1665,"297,465.00","298,360.00","296,570.00"
1666,"332,640.00","332,070.00","333,210.00"
1667,"356,310.00","351,840.00","360,780.00"
1668,"341,985.00","343,660.00","340,310.00"
1669,"294,050.00","294,970.00","293,130.00"
1670,"337,125.00","337,500.00","336,750.00"
1671,"273,255.00","272,650.00","273,860.00"
1672,"408,835.00","409,160.00","408,510.00"
1673,"285,720.00","282,630.00","288,810.00"
1674,"240,070.00","240,350.00","239,790.00"
1675,"190,760.00","191,610.00","189,910.00"
1676,"193,525.00","195,160.00","191,890.00"
1677,"210,560.00","210,490.00","210,630.00"
1678,"447,260.00","448,900.00","445,620.00"
1679,"360,395.00","360,120.00","360,670.00"
1680,"330,020.00","332,080.00","327,960.00"
1681,"256,415.00","258,510.00","254,320.00"
1682,"301,300.00","300,460.00","302,140.00"
1683,"177,745.00","179,530.00","175,960.00"
1684,"184,205.00","182,340.00","186,070.00"
1685,"173,485.00","172,110.00","174,860.00"
1686,"164,410.00","166,090.00","162,730.00"
1687,"170,600.00","169,000.00","172,200.00"
1688,"206,550.00","205,490.00","207,610.00"
1689,"196,605.00","195,100.00","198,110.00"
1690,"203,900.00","203,050.00","204,750.00"
1691,"187,590.00","186,860.00","188,320.00"
1692,"270,035.00","268,200.00","271,870.00"
1693,"175,570.00","173,540.00","177,600.00"
1694,"176,175.00","174,990.00","177,360.00"
1695,"157,530.00","156,280.00","158,780.00"
1696,"278,015.00","274,870.00","281,160.00"
1697,"179,385.00","178,350.00","180,420.00"
1698,"335,960.00","334,170.00","337,750.00"
1699,"305,170.00","306,440.00","303,900.00"
1700,"256,000.00","254,950.00","257,050.00"
1701,"270,505.00","268,820.00","272,190.00"
1702,"243,910.00","243,540.00","244,280.00"
1703,"247,390.00","247,180.00","247,600.00"
1704,"272,675.00","273,290.00","272,060.00"
1705,"247,165.00","248,010.00","246,320.00"
1706,"331,175.00","328,560.00","333,790.00"
1707,"228,040.00","228,770.00","227,310.00"
1708,"198,440.00","198,870.00","198,010.00"
1709,"248,260.00","247,760.00","248,760.00"
1710,"214,350.00","215,350.00","213,350.00"
1711,"272,180.00","271,810.00","272,550.00"
1712,"262,250.00","262,900.00","261,600.00"
1713,"266,725.00","267,350.00","266,100.00"
1714,"231,205.00","233,040.00","229,370.00"
1715,"203,050.00","202,220.00","203,880.00"
1716,"181,115.00","180,860.00","181,370.00"
1717,"174,730.00","175,010.00","174,450.00"
1718,"142,075.00","141,680.00","142,470.00"
1719,"215,970.00","213,910.00","218,030.00"
1720,"255,385.00","255,190.00","255,580.00"
1721,"175,470.00","173,990.00","176,950.00"
1722,"132,825.00","130,580.00","135,070.00"
1723,"160,020.00","158,460.00","161,580.00"
1724,"226,525.00","227,290.00","225,760.00"
1725,"236,510.00","234,260.00","238,760.00"
1726,"183,480.00","182,560.00","184,400.00"
1727,"151,505.00","151,740.00","151,270.00"
1728,"182,435.00","181,200.00","183,670.00"
1729,"153,120.00","151,300.00","154,940.00"
1730,"162,515.00","162,360.00","162,670.00"
1731,"112,720.00","112,250.00","113,190.00"
1732,"123,565.00","123,050.00","124,080.00"
1733,"112,655.00","111,940.00","113,370.00"
1734,"144,360.00","143,570.00","145,150.00"
1735,"126,830.00","126,860.00","126,800.00"
1736,"103,430.00","103,200.00","103,660.00"
1737,"330,490.00","329,180.00","331,800.00"
1738,"237,750.00","236,100.00","239,400.00"
1739,"265,135.00","265,710.00","264,560.00"
1740,"218,050.00","219,900.00","216,200.00"
1741,"189,240.00","191,430.00","187,050.00"
1742,"173,255.00","173,880.00","172,630.00"
1743,"174,800.00","175,110.00","174,490.00"
1744,"319,520.00","318,060.00","320,980.00"
1745,"221,105.00","219,320.00","222,890.00"
1746,"219,060.00","217,360.00","220,760.00"
1747,"231,435.00","229,160.00","233,710.00"
1748,"237,185.00","234,690.00","239,680.00"
1749,"146,325.00","145,140.00","147,510.00"
1750,"153,270.00","152,940.00","153,600.00"
1751,"248,450.00","245,900.00","251,000.00"
1752,"109,960.00","109,980.00","109,940.00"
1753,"166,500.00","166,150.00","166,850.00"
1754,"234,710.00","233,310.00","236,110.00"
1755,"165,165.00","162,280.00","168,050.00"
1756,"133,605.00","132,770.00","134,440.00"
1757,"108,540.00","107,990.00","109,090.00"
1758,"137,315.00","136,880.00","137,750.00"
1759,"166,385.00","164,240.00","168,530.00"
1760,"169,145.00","169,120.00","169,170.00"
1761,"178,315.00","177,820.00","178,810.00"
1762,"175,220.00","173,010.00","177,430.00"
1763,"193,600.00","192,670.00","194,530.00"
1764,"98,750.00","97,888.00","99,612.00"
1765,"212,220.00","212,450.00","211,990.00"
1766,"202,025.00","201,790.00","202,260.00"
1767,"255,660.00","254,950.00","256,370.00"
1768,"152,860.00","153,090.00","152,630.00"
1769,"181,970.00","181,000.00","182,940.00"
1770,"169,575.00","169,080.00","170,070.00"
1771,"119,450.00","118,800.00","120,100.00"
1772,"137,810.00","137,110.00","138,510.00"
1773,"125,615.00","124,750.00","126,480.00"
1774,"144,595.00","144,190.00","145,000.00"
1775,"143,145.00","142,940.00","143,350.00"
1776,"126,555.00","124,480.00","128,630.00"
1777,"105,100.00","104,300.00","105,900.00"
1778,"152,600.00","152,950.00","152,250.00"
1779,"143,330.00","142,200.00","144,460.00"
1780,"174,390.00","172,050.00","176,730.00"
1781,"119,525.00","118,830.00","120,220.00"
1782,"61,980.50","61,691.00","62,270.00"
1783,"141,130.00","138,120.00","144,140.00"
1784,"111,555.00","110,410.00","112,700.00"
1785,"116,725.00","115,410.00","118,040.00"
1786,"75,103.50","65,565.00","84,642.00"
1787,"170,085.00","168,060.00","172,110.00"
1788,"82,472.50","83,222.00","81,723.00"
1789,"102,220.00","100,920.00","103,520.00"
1790,"43,664.00","40,427.00","46,901.00"
1791,"200,615.00","198,810.00","202,420.00"
1792,"173,885.00","173,530.00","174,240.00"
1793,"167,155.00","166,410.00","167,900.00"
1794,"169,365.00","169,720.00","169,010.00"
1795,"134,715.00","133,500.00","135,930.00"
1796,"109,205.00","107,620.00","110,790.00"
1797,"155,830.00","155,650.00","156,010.00"
1798,"99,019.50","98,820.00","99,219.00"
1799,"94,325.00","94,086.00","94,564.00"
1800,"88,113.00","87,413.00","88,813.00"
1801,"122,785.00","120,160.00","125,410.00"
1802,"132,830.00","129,160.00","136,500.00"
1803,"160,815.00","159,510.00","162,120.00"
1804,"134,550.00","134,410.00","134,690.00"
1805,"141,425.00","141,700.00","141,150.00"
1806,"137,540.00","137,910.00","137,170.00"
1807,"144,345.00","142,610.00","146,080.00"
1808,"112,335.00","107,720.00","116,950.00"
1809,"133,495.00","130,580.00","136,410.00"
1810,"145,930.00","145,660.00","146,200.00"
1811,"126,075.00","125,520.00","126,630.00"
1812,"132,155.00","130,700.00","133,610.00"
1813,"125,300.00","124,920.00","125,680.00"
1814,"109,770.00","110,010.00","109,530.00"
1815,"28,756.50","28,287.00","29,226.00"
1816,"106,655.00","106,710.00","106,600.00"
1817,"129,780.00","128,010.00","131,550.00"
1818,"182,965.00","180,650.00","185,280.00"
1819,"120,105.00","120,000.00","120,210.00"
1820,"37,316.00","37,551.00","37,081.00"
1821,"143,835.00","141,140.00","146,530.00"
1822,"149,720.00","147,410.00","152,030.00"
1823,"28,576.50","27,028.00","30,125.00"
1824,"136,875.00","136,610.00","137,140.00"
1825,"122,395.00","121,250.00","123,540.00"
1826,"91,199.00","90,286.00","92,112.00"
1827,"99,497.50","99,107.00","99,888.00"
1828,"142,875.00","141,790.00","143,960.00"
1829,"131,020.00","130,960.00","131,080.00"
1830,"162,765.00","161,030.00","164,500.00"
1831,"153,355.00","151,080.00","155,630.00"
1832,"84,047.50","83,755.00","84,340.00"
1833,"142,975.00","141,320.00","144,630.00"
1834,"124,115.00","123,410.00","124,820.00"
1835,"145,640.00","143,630.00","147,650.00"
1836,"134,505.00","134,350.00","134,660.00"
1837,"89,240.50","89,314.00","89,167.00"
1838,"127,400.00","124,960.00","129,840.00"
1839,"115,480.00","115,660.00","115,300.00"
1840,"154,495.00","152,860.00","156,130.00"
1841,"113,545.00","113,470.00","113,620.00"
1842,"73,898.50","70,820.00","76,977.00"
1843,"151,105.00","149,940.00","152,270.00"
1844,"117,805.00","116,850.00","118,760.00"
1845,"122,645.00","117,020.00","128,270.00"
1846,"153,655.00","151,610.00","155,700.00"
1847,"153,470.00","150,070.00","156,870.00"
1848,"26,790.00","25,217.00","28,363.00"
1849,"102,130.50","98,961.00","105,300.00"
1850,"113,220.00","112,490.00","113,950.00"
1851,"160,640.00","159,090.00","162,190.00"
1852,"103,065.00","102,360.00","103,770.00"
1853,"120,355.00","121,360.00","119,350.00"
1854,"187,330.00","187,230.00","187,430.00"
1855,"147,045.00","143,350.00","150,740.00"
1856,"221,110.00","219,670.00","222,550.00"
1857,"146,510.00","138,150.00","154,870.00"
1858,"148,095.00","146,900.00","149,290.00"
1859,"108,005.00","108,030.00","107,980.00"
1860,"149,510.00","150,750.00","148,270.00"
1861,"110,410.00","110,420.00","110,400.00"
1862,"283,995.00","282,150.00","285,840.00"
1863,"281,635.00","281,010.00","282,260.00"
1864,"281,670.00","281,040.00","282,300.00"
1865,"355,900.00","357,360.00","354,440.00"
1866,"327,560.00","328,900.00","326,220.00"
1867,"225,175.00","225,470.00","224,880.00"
1868,"307,180.00","308,240.00","306,120.00"
1869,"217,035.00","218,180.00","215,890.00"
1870,"233,270.00","233,240.00","233,300.00"
1871,"256,335.00","256,590.00","256,080.00"
1872,"177,190.00","174,770.00","179,610.00"
1873,"239,425.00","237,110.00","241,740.00"
1874,"148,305.00","148,520.00","148,090.00"
1875,"201,135.00","199,070.00","203,200.00"
1876,"196,815.00","195,570.00","198,060.00"
1877,"229,130.00","228,870.00","229,390.00"
1878,"219,015.00","218,300.00","219,730.00"
1879,"114,290.00","111,270.00","117,310.00"
1880,"141,990.00","142,540.00","141,440.00"
1881,"256,100.00","255,820.00","256,380.00"
1882,"252,835.00","250,330.00","255,340.00"
1883,"190,505.00","189,170.00","191,840.00"
1884,"209,085.00","207,190.00","210,980.00"
1885,"261,565.00","260,060.00","263,070.00"
1886,"299,075.00","299,630.00","298,520.00"
1887,"228,275.00","228,660.00","227,890.00"
1888,"279,395.00","280,160.00","278,630.00"
1889,"175,370.00","172,920.00","177,820.00"
1890,"119,705.00","118,450.00","120,960.00"
1891,"138,450.00","140,080.00","136,820.00"
1892,"82,679.00","82,816.00","82,542.00"
1893,"148,015.00","147,150.00","148,880.00"
1894,"114,560.00","113,310.00","115,810.00"
1895,"151,145.00","149,860.00","152,430.00"
1896,"125,600.00","124,920.00","126,280.00"
1897,"117,325.00","117,460.00","117,190.00"
1898,"118,600.00","118,030.00","119,170.00"
1899,"147,750.00","146,700.00","148,800.00"
1900,"133,610.00","132,380.00","134,840.00"
1901,"156,100.00","154,010.00","158,190.00"
1902,"161,635.00","159,820.00","163,450.00"
1903,"209,790.00","209,120.00","210,460.00"
1904,"140,330.00","139,920.00","140,740.00"
1905,"194,105.00","193,280.00","194,930.00"
1906,"178,935.00","175,220.00","182,650.00"
1907,"218,830.00","216,440.00","221,220.00"
1908,"108,580.00","110,170.00","106,990.00"
1909,"120,200.00","121,230.00","119,170.00"
1910,"111,735.00","112,690.00","110,780.00"
1911,"218,325.00","215,690.00","220,960.00"
1912,"298,840.00","297,370.00","300,310.00"
1913,"150,275.00","145,720.00","154,830.00"
1914,"51,777.50","50,688.00","52,867.00"
1915,"296,475.00","299,410.00","293,540.00"
1917,"264,535.00","263,280.00","265,790.00"
1918,"147,475.00","147,310.00","147,640.00"
1919,"184,675.00","185,110.00","184,240.00"
1920,"186,135.00","185,290.00","186,980.00"
1921,"369,550.00","370,830.00","368,270.00"
1922,"322,880.00","323,110.00","322,650.00"
1923,"229,220.00","227,660.00","230,780.00"
1924,"235,780.00","234,640.00","236,920.00"
1925,"225,835.00","224,440.00","227,230.00"
1926,"368,450.00","370,160.00","366,740.00"
1927,"144,945.00","143,380.00","146,510.00"
1928,"174,865.00","173,260.00","176,470.00"
1929,"115,615.00","115,180.00","116,050.00"
1930,"111,835.00","111,070.00","112,600.00"
1931,"141,235.00","142,200.00","140,270.00"
1932,"136,180.00","134,840.00","137,520.00"
1933,"182,210.00","180,850.00","183,570.00"
1934,"193,310.00","192,600.00","194,020.00"
1935,"172,875.00","171,660.00","174,090.00"
1936,"190,840.00","189,680.00","192,000.00"
1937,"170,950.00","167,940.00","173,960.00"
1938,"175,720.00","174,160.00","177,280.00"
1939,"246,525.00","248,700.00","244,350.00"
1940,"176,020.00","177,610.00","174,430.00"
1941,"180,565.00","178,320.00","182,810.00"
1942,"186,105.00","183,450.00","188,760.00"
1943,"185,270.00","186,990.00","183,550.00"
1944,"309,005.00","306,820.00","311,190.00"
1945,"353,125.00","353,900.00","352,350.00"
1947,"217,830.00","215,260.00","220,400.00"
1948,"200,575.00","188,100.00","213,050.00"
1949,"252,730.00","252,750.00","252,710.00"
1950,"195,775.00","195,190.00","196,360.00"
1951,"287,340.00","285,380.00","289,300.00"
1952,"240,580.00","239,200.00","241,960.00"
1953,"188,500.00","186,240.00","190,760.00"
1954,"190,065.00","188,040.00","192,090.00"
1955,"140,755.00","139,140.00","142,370.00"
1956,"325,320.00","323,150.00","327,490.00"
1957,"164,055.00","163,760.00","164,350.00"
1958,"298,620.00","296,650.00","300,590.00"
1959,"111,980.00","110,260.00","113,700.00"
1960,"91,481.00","90,420.00","92,542.00"
1961,"100,250.00","100,180.00","100,320.00"
1962,"99,956.50","101,040.00","98,873.00"
1963,"121,870.00","123,310.00","120,430.00"
1964,"104,720.00","105,400.00","104,040.00"
1965,"122,365.00","122,290.00","122,440.00"
1966,"123,820.00","124,930.00","122,710.00"
1967,"306,135.00","306,480.00","305,790.00"
1968,"385,715.00","386,850.00","384,580.00"
1969,"361,890.00","362,690.00","361,090.00"
1970,"392,660.00","392,150.00","393,170.00"
1971,"421,670.00","421,800.00","421,540.00"
1972,"364,005.00","363,550.00","364,460.00"
1973,"264,420.00","263,580.00","265,260.00"
1974,"319,845.00","319,200.00","320,490.00"
1975,"443,375.00","448,800.00","437,950.00"
1976,"277,410.00","277,720.00","277,100.00"
1977,"362,380.00","360,020.00","364,740.00"
1978,"338,210.00","335,980.00","340,440.00"
1979,"314,415.00","315,040.00","313,790.00"
1980,"185,690.00","184,760.00","186,620.00"
1981,"348,590.00","350,730.00","346,450.00"
1982,"218,730.00","220,170.00","217,290.00"
1983,"196,225.00","197,510.00","194,940.00"
1984,"182,870.00","184,830.00","180,910.00"
1985,"227,940.00","230,570.00","225,310.00"
1986,"220,565.00","223,290.00","217,840.00"
1987,"193,045.00","194,880.00","191,210.00"
1988,"179,910.00","178,790.00","181,030.00"
1989,"204,820.00","203,970.00","205,670.00"
1990,"224,705.00","223,450.00","225,960.00"
1991,"228,185.00","229,170.00","227,200.00"
1992,"229,785.00","229,150.00","230,420.00"
1993,"167,285.00","166,790.00","167,780.00"
1994,"249,875.00","247,370.00","252,380.00"
1995,"185,715.00","184,330.00","187,100.00"
1996,"280,815.00","279,920.00","281,710.00"
1997,"294,540.00","294,220.00","294,860.00"
1998,"318,540.00","318,840.00","318,240.00"
1999,"289,955.00","289,230.00","290,680.00"
2000,"293,265.00","291,620.00","294,910.00"
2001,"276,360.00","274,800.00","277,920.00"
2002,"265,200.00","265,260.00","265,140.00"
2003,"250,145.00","249,630.00","250,660.00"
2004,"283,995.00","283,310.00","284,680.00"
2005,"241,560.00","242,370.00","240,750.00"
2006,"219,775.00","220,180.00","219,370.00"
2007,"244,780.00","245,080.00","244,480.00"
2008,"223,500.00","224,800.00","222,200.00"
2009,"193,065.00","191,880.00","194,250.00"
2010,"200,300.00","198,140.00","202,460.00"
2011,"154,295.00","152,620.00","155,970.00"
2012,"171,320.00","171,060.00","171,580.00"
2013,"179,355.00","178,240.00","180,470.00"
2014,"190,685.00","189,610.00","191,760.00"
2015,"204,635.00","202,110.00","207,160.00"
2016,"195,215.00","194,380.00","196,050.00"
2017,"201,540.00","200,430.00","202,650.00"
2018,"98,684.00","98,512.00","98,856.00"
2019,"134,220.00","134,080.00","134,360.00"
2020,"93,149.00","92,467.00","93,831.00"
2021,"88,903.50","88,385.00","89,422.00"
2022,"195,700.00","192,600.00","198,800.00"
2023,"127,610.00","125,850.00","129,370.00"
2024,"275,100.00","274,310.00","275,890.00"
2025,"342,945.00","342,300.00","343,590.00"
2026,"167,315.00","169,500.00","165,130.00"
2027,"144,830.00","145,980.00","143,680.00"
2028,"162,840.00","164,080.00","161,600.00"
2029,"153,860.00","154,880.00","152,840.00"
2030,"252,665.00","254,930.00","250,400.00"
2031,"244,365.00","247,440.00","241,290.00"
2032,"249,815.00","252,580.00","247,050.00"
2033,"242,245.00","244,640.00","239,850.00"
2034,"174,500.00","176,020.00","172,980.00"
2035,"229,840.00","228,430.00","231,250.00"
2036,"212,705.00","214,240.00","211,170.00"
2037,"230,320.00","232,030.00","228,610.00"
2038,"287,445.00","288,750.00","286,140.00"
2039,"211,840.00","212,070.00","211,610.00"
2040,"331,215.00","324,930.00","337,500.00"
2041,"272,575.00","270,560.00","274,590.00"
2042,"193,530.00","193,420.00","193,640.00"
2043,"187,440.00","186,940.00","187,940.00"
2044,"200,070.00","199,480.00","200,660.00"
2045,"223,385.00","221,810.00","224,960.00"
2046,"142,300.00","142,160.00","142,440.00"
2047,"150,980.00","149,730.00","152,230.00"
2048,"142,675.00","142,780.00","142,570.00"
2049,"127,735.00","126,810.00","128,660.00"
2050,"177,260.00","174,470.00","180,050.00"
2051,"104,125.00","104,060.00","104,190.00"
2052,"122,195.00","121,730.00","122,660.00"
2053,"141,030.00","140,050.00","142,010.00"
2054,"111,210.00","113,600.00","108,820.00"
2055,"187,815.00","188,080.00","187,550.00"
2056,"127,700.00","126,460.00","128,940.00"
2057,"105,350.00","105,330.00","105,370.00"
2058,"230,465.00","227,700.00","233,230.00"
2059,"130,450.00","130,430.00","130,470.00"
2060,"199,850.00","200,010.00","199,690.00"
2061,"197,170.00","196,200.00","198,140.00"
2062,"122,845.00","121,910.00","123,780.00"
2063,"99,127.00","97,564.00","100,690.00"
2064,"140,595.00","139,700.00","141,490.00"
2065,"113,580.00","112,500.00","114,660.00"
2066,"178,470.00","176,430.00","180,510.00"
2067,"113,420.00","111,210.00","115,630.00"
2068,"136,570.00","135,450.00","137,690.00"
2069,"87,621.50","86,749.00","88,494.00"
2070,"100,604.00","99,728.00","101,480.00"
2071,"79,717.00","79,914.00","79,520.00"
2072,"145,225.00","143,640.00","146,810.00"
2073,"130,420.00","129,660.00","131,180.00"
2074,"191,250.00","190,570.00","191,930.00"
2075,"155,620.00","153,990.00","157,250.00"
2076,"143,410.00","144,390.00","142,430.00"
2077,"149,730.00","150,400.00","149,060.00"
2078,"106,165.00","105,160.00","107,170.00"
2079,"138,205.00","137,360.00","139,050.00"
2080,"115,525.00","115,990.00","115,060.00"
2081,"120,415.00","119,860.00","120,970.00"
2082,"129,985.00","130,580.00","129,390.00"
2083,"141,515.00","140,730.00","142,300.00"
2084,"94,562.50","94,288.00","94,837.00"
2085,"111,450.00","111,340.00","111,560.00"
2086,"137,170.00","136,890.00","137,450.00"
2087,"132,600.00","131,790.00","133,410.00"
2088,"105,900.00","105,300.00","106,500.00"
2089,"68,749.00","69,481.00","68,017.00"
2090,"140,520.00","139,700.00","141,340.00"
2091,"83,495.00","80,369.00","86,621.00"
2092,"130,560.00","129,570.00","131,550.00"
2093,"170,700.00","170,660.00","170,740.00"
2094,"126,710.00","126,770.00","126,650.00"
2095,"144,440.00","143,970.00","144,910.00"
2096,"71,162.50","70,725.00","71,600.00"
2097,"117,175.00","116,570.00","117,780.00"
2098,"160,895.00","160,080.00","161,710.00"
2099,"23,679.50","23,194.00","24,165.00"
2100,"71,495.00","68,042.00","74,948.00"
2101,"110,580.00","109,000.00","112,160.00"
2102,"142,735.00","142,580.00","142,890.00"
2103,"80,218.00","78,070.00","82,366.00"
2104,"142,060.00","140,270.00","143,850.00"
2105,"169,865.00","169,550.00","170,180.00"
2106,"77,128.50","75,603.00","78,654.00"
2107,"205,120.00","201,480.00","208,760.00"
2108,"131,135.00","130,690.00","131,580.00"
2109,"100,492.00","99,934.00","101,050.00"
2110,"141,260.00","141,900.00","140,620.00"
2111,"237,565.00","242,010.00","233,120.00"
2112,"133,170.00","132,670.00","133,670.00"
2113,"118,625.00","118,880.00","118,370.00"
2114,"148,545.00","149,780.00","147,310.00"
2115,"162,865.00","162,690.00","163,040.00"
2116,"110,225.00","110,550.00","109,900.00"
2117,"150,495.00","149,990.00","151,000.00"
2118,"100,083.00","100,530.00","99,636.00"
2119,"110,365.00","111,340.00","109,390.00"
2120,"109,120.00","108,280.00","109,960.00"
2121,"106,270.00","106,650.00","105,890.00"
2122,"95,727.00","95,150.00","96,304.00"
2123,"71,701.50","72,152.00","71,251.00"
2124,"160,080.00","159,700.00","160,460.00"
2125,"143,995.00","143,430.00","144,560.00"
2126,"145,095.00","142,790.00","147,400.00"
2127,"177,525.00","176,590.00","178,460.00"
2128,"136,970.00","136,710.00","137,230.00"
2129,"57,915.50","60,708.00","55,123.00"
2130,"152,600.00","150,790.00","154,410.00"
2131,"123,750.00","119,100.00","128,400.00"
2132,"115,210.00","113,270.00","117,150.00"
2133,"117,220.00","116,980.00","117,460.00"
2134,"126,500.00","125,610.00","127,390.00"
2135,"132,905.00","132,210.00","133,600.00"
2136,"52,413.50","50,517.00","54,310.00"
2137,"122,660.00","121,860.00","123,460.00"
2138,"135,510.00","135,090.00","135,930.00"
2139,"156,430.00","155,760.00","157,100.00"
2140,"139,280.00","138,530.00","140,030.00"
2141,"148,670.00","148,790.00","148,550.00"
2142,"112,590.00","111,690.00","113,490.00"
2143,"135,255.00","136,280.00","134,230.00"
2144,"136,525.00","134,540.00","138,510.00"
2145,"146,400.00","145,930.00","146,870.00"
2146,"180,760.00","179,590.00","181,930.00"
2147,"142,840.00","140,890.00","144,790.00"
2148,"148,920.00","148,110.00","149,730.00"
2149,"143,670.00","143,470.00","143,870.00"
2150,"222,100.00","219,100.00","225,100.00"
2151,"114,470.00","115,280.00","113,660.00"
2153,"190,810.00","191,730.00","189,890.00"
2154,"110,085.00","109,860.00","110,310.00"
2155,"149,880.00","148,820.00","150,940.00"
2156,"277,565.00","275,680.00","279,450.00"
2157,"247,550.00","247,940.00","247,160.00"
2158,"228,705.00","225,820.00","231,590.00"
2159,"214,995.00","213,330.00","216,660.00"
2160,"205,805.00","203,670.00","207,940.00"
2161,"239,690.00","240,220.00","239,160.00"
2162,"392,375.00","393,810.00","390,940.00"
2163,"357,935.00","358,960.00","356,910.00"
2164,"251,655.00","251,890.00","251,420.00"
2165,"195,510.00","194,600.00","196,420.00"
2166,"150,885.00","150,970.00","150,800.00"
2167,"214,845.00","215,310.00","214,380.00"
2168,"194,990.00","192,330.00","197,650.00"
2169,"200,775.00","199,520.00","202,030.00"
2170,"231,835.00","230,500.00","233,170.00"
2171,"144,150.00","142,700.00","145,600.00"
2172,"142,320.00","141,990.00","142,650.00"
2173,"166,960.00","165,620.00","168,300.00"
2174,"236,845.00","235,740.00","237,950.00"
2175,"294,450.00","294,220.00","294,680.00"
2176,"307,565.00","307,790.00","307,340.00"
2177,"248,920.00","246,920.00","250,920.00"
2178,"222,785.00","220,670.00","224,900.00"
2179,"137,080.00","138,980.00","135,180.00"
2180,"226,450.00","227,860.00","225,040.00"
2181,"191,180.00","191,040.00","191,320.00"
2182,"224,410.00","224,330.00","224,490.00"
2183,"191,020.00","190,900.00","191,140.00"
2184,"139,255.00","139,190.00","139,320.00"
2185,"124,965.00","122,770.00","127,160.00"
2186,"165,435.00","166,400.00","164,470.00"
2187,"155,900.00","156,240.00","155,560.00"
2188,"155,320.00","155,040.00","155,600.00"
2189,"315,775.00","302,290.00","329,260.00"
2190,"66,974.50","67,982.00","65,967.00"
2191,"65,680.00","66,046.00","65,314.00"
2192,"79,704.50","79,611.00","79,798.00"
2193,"134,635.00","131,890.00","137,380.00"
2194,"121,215.00","119,960.00","122,470.00"
2195,"82,863.50","82,765.00","82,962.00"
2196,"97,698.00","97,590.00","97,806.00"
2197,"110,475.00","110,240.00","110,710.00"
2198,"165,145.00","165,290.00","165,000.00"
2199,"185,010.00","184,990.00","185,030.00"
2200,"145,675.00","144,970.00","146,380.00"
2201,"126,650.00","122,590.00","130,710.00"
2202,"211,675.00","211,680.00","211,670.00"
2203,"119,965.00","117,650.00","122,280.00"
2204,"154,315.00","152,120.00","156,510.00"
2205,"116,180.00","115,170.00","117,190.00"
2206,"138,640.00","138,510.00","138,770.00"
2207,"215,210.00","214,160.00","216,260.00"
2208,"253,150.00","250,960.00","255,340.00"
2209,"231,500.00","225,900.00","237,100.00"
2210,"106,410.00","107,910.00","104,910.00"
2211,"114,965.00","115,140.00","114,790.00"
2212,"134,845.00","135,270.00","134,420.00"
2213,"96,188.50","94,582.00","97,795.00"
2214,"139,710.00","140,410.00","139,010.00"
2215,"87,856.00","87,350.00","88,362.00"
2216,"165,970.00","164,680.00","167,260.00"
2218,"98,933.50","99,261.00","98,606.00"
2219,"93,946.00","94,324.00","93,568.00"
2220,"36,888.00","37,656.00","36,120.00"
2221,"297,465.00","300,600.00","294,330.00"
2222,"262,155.00","265,920.00","258,390.00"
2223,"308,020.00","304,530.00","311,510.00"
2224,"212,930.00","211,210.00","214,650.00"
2225,"121,160.00","118,920.00","123,400.00"
2226,"197,855.00","197,910.00","197,800.00"
2227,"209,940.00","211,700.00","208,180.00"
2228,"284,175.00","285,180.00","283,170.00"
2229,"258,765.00","256,810.00","260,720.00"
2230,"142,305.00","140,430.00","144,180.00"
2231,"214,755.00","212,740.00","216,770.00"
2232,"176,750.00","175,450.00","178,050.00"
2233,"188,515.00","185,380.00","191,650.00"
2234,"258,910.00","259,530.00","258,290.00"
2235,"234,645.00","236,360.00","232,930.00"
2236,"267,500.00","267,990.00","267,010.00"
2237,"332,910.00","333,930.00","331,890.00"
2238,"207,315.00","208,510.00","206,120.00"
2239,"212,725.00","217,340.00","208,110.00"
2240,"166,325.00","168,450.00","164,200.00"
2241,"166,580.00","164,720.00","168,440.00"
2242,"111,550.00","112,920.00","110,180.00"
2243,"107,630.00","108,160.00","107,100.00"
2244,"84,020.00","85,110.00","82,930.00"
2245,"85,587.50","86,990.00","84,185.00"
2246,"140,020.00","137,030.00","143,010.00"
2247,"134,330.00","135,390.00","133,270.00"
2248,"115,060.00","115,630.00","114,490.00"
2249,"122,450.00","122,990.00","121,910.00"
2250,"131,805.00","130,880.00","132,730.00"
2252,"208,885.00","208,970.00","208,800.00"
2253,"154,125.00","152,910.00","155,340.00"
2254,"170,930.00","169,390.00","172,470.00"
2255,"202,150.00","201,610.00","202,690.00"
2256,"182,495.00","181,930.00","183,060.00"
2257,"197,745.00","196,160.00","199,330.00"
2258,"148,905.00","148,650.00","149,160.00"
2259,"163,300.00","162,890.00","163,710.00"
2260,"130,795.00","130,240.00","131,350.00"
2261,"166,905.00","168,630.00","165,180.00"
2262,"197,870.00","200,330.00","195,410.00"
2263,"335,240.00","333,940.00","336,540.00"
2264,"455,390.00","445,020.00","465,760.00"
2265,"172,480.00","160,910.00","184,050.00"
2266,"279,090.00","281,320.00","276,860.00"
2267,"375,755.00","377,310.00","374,200.00"
2268,"344,280.00","342,920.00","345,640.00"
2269,"160,830.00","160,160.00","161,500.00"
2270,"201,355.00","199,460.00","203,250.00"
2271,"227,920.00","227,370.00","228,470.00"
2272,"231,360.00","228,890.00","233,830.00"
2273,"169,375.00","168,530.00","170,220.00"
2274,"182,480.00","182,050.00","182,910.00"
2275,"184,220.00","183,090.00","185,350.00"
2276,"193,080.00","193,450.00","192,710.00"
2277,"201,125.00","200,570.00","201,680.00"
2278,"145,775.00","145,610.00","145,940.00"
2279,"109,020.00","108,940.00","109,100.00"
2280,"109,120.00","106,440.00","111,800.00"
2281,"154,820.00","157,110.00","152,530.00"
2282,"180,855.00","181,360.00","180,350.00"
2283,"117,730.00","119,050.00","116,410.00"
2284,"108,245.00","109,100.00","107,390.00"
2285,"131,275.00","132,890.00","129,660.00"
2286,"119,820.00","120,350.00","119,290.00"
2287,"347,055.00","348,160.00","345,950.00"
2288,"275,150.00","275,690.00","274,610.00"
2289,"343,990.00","343,830.00","344,150.00"
2290,"410,280.00","410,600.00","409,960.00"
2291,"336,660.00","334,740.00","338,580.00"
2292,"398,400.00","399,580.00","397,220.00"
2293,"436,125.00","437,880.00","434,370.00"
2294,"365,095.00","364,040.00","366,150.00"
2295,"445,240.00","445,560.00","444,920.00"
2296,"280,530.00","277,780.00","283,280.00"
2297,"337,105.00","337,200.00","337,010.00"
2298,"313,735.00","314,510.00","312,960.00"
2299,"338,365.00","336,420.00","340,310.00"
2300,"325,615.00","324,500.00","326,730.00"
2301,"296,615.00","295,920.00","297,310.00"
2302,"253,455.00","254,160.00","252,750.00"
2303,"244,575.00","245,320.00","243,830.00"
2304,"260,175.00","259,060.00","261,290.00"
2305,"204,075.00","206,380.00","201,770.00"
2306,"192,195.00","194,780.00","189,610.00"
2307,"192,125.00","193,620.00","190,630.00"
2308,"211,515.00","213,700.00","209,330.00"
2309,"286,695.00","289,040.00","284,350.00"
2310,"213,610.00","214,760.00","212,460.00"
2311,"212,645.00","216,580.00","208,710.00"
2312,"192,705.00","189,420.00","195,990.00"
2313,"171,905.00","170,630.00","173,180.00"
2314,"188,400.00","185,630.00","191,170.00"
2315,"190,260.00","189,300.00","191,220.00"
2316,"209,990.00","208,350.00","211,630.00"
2317,"189,155.00","188,510.00","189,800.00"
2318,"183,515.00","182,540.00","184,490.00"
2319,"194,420.00","193,910.00","194,930.00"
2320,"194,635.00","195,330.00","193,940.00"
2321,"239,270.00","242,110.00","236,430.00"
2322,"199,340.00","201,340.00","197,340.00"
2323,"194,875.00","193,240.00","196,510.00"
2324,"202,975.00","201,160.00","204,790.00"
2325,"219,610.00","219,170.00","220,050.00"
2326,"174,110.00","172,200.00","176,020.00"
2327,"211,865.00","210,920.00","212,810.00"
2328,"233,915.00","232,960.00","234,870.00"
2329,"182,960.00","181,940.00","183,980.00"
2330,"177,445.00","176,430.00","178,460.00"
2331,"336,170.00","335,450.00","336,890.00"
2332,"368,670.00","368,170.00","369,170.00"
2333,"314,845.00","313,870.00","315,820.00"
2334,"258,980.00","257,080.00","260,880.00"
2335,"280,125.00","279,170.00","281,080.00"
2336,"309,015.00","308,520.00","309,510.00"
2337,"211,475.00","211,420.00","211,530.00"
2338,"282,240.00","282,380.00","282,100.00"
2339,"240,315.00","240,290.00","240,340.00"
2340,"404,700.00","406,340.00","403,060.00"
2341,"219,795.00","219,130.00","220,460.00"
2342,"235,620.00","236,490.00","234,750.00"
2343,"229,220.00","230,240.00","228,200.00"
2344,"236,675.00","235,690.00","237,660.00"
2345,"243,045.00","242,910.00","243,180.00"
2346,"212,570.00","213,070.00","212,070.00"
2347,"199,570.00","199,880.00","199,260.00"
2348,"248,415.00","247,840.00","248,990.00"
2349,"182,095.00","180,220.00","183,970.00"
2350,"299,360.00","298,720.00","300,000.00"
2351,"250,660.00","251,140.00","250,180.00"
2352,"247,125.00","247,220.00","247,030.00"
2353,"244,010.00","242,520.00","245,500.00"
2354,"154,415.00","154,290.00","154,540.00"
2355,"160,395.00","160,650.00","160,140.00"
2356,"164,415.00","163,700.00","165,130.00"
2357,"201,805.00","202,680.00","200,930.00"
2358,"195,130.00","193,480.00","196,780.00"
2359,"125,080.00","124,710.00","125,450.00"
2360,"101,735.00","102,200.00","101,270.00"
2361,"151,525.00","152,020.00","151,030.00"
2362,"284,970.00","281,460.00","288,480.00"
2363,"156,855.00","157,400.00","156,310.00"
2364,"175,815.00","175,030.00","176,600.00"
2365,"217,255.00","219,490.00","215,020.00"
2366,"190,835.00","192,870.00","188,800.00"
2367,"218,670.00","221,010.00","216,330.00"
2368,"225,285.00","228,460.00","222,110.00"
2369,"216,640.00","218,260.00","215,020.00"
2370,"156,815.00","158,000.00","155,630.00"
2371,"158,790.00","159,860.00","157,720.00"
2372,"191,840.00","192,910.00","190,770.00"
2373,"292,590.00","294,130.00","291,050.00"
2374,"317,275.00","317,880.00","316,670.00"
2375,"235,350.00","236,770.00","233,930.00"
2376,"312,505.00","312,220.00","312,790.00"
2377,"349,815.00","349,330.00","350,300.00"
2378,"142,490.00","141,270.00","143,710.00"
2379,"244,975.00","244,530.00","245,420.00"
2380,"149,050.00","149,260.00","148,840.00"
2381,"178,425.00","177,620.00","179,230.00"
2382,"218,645.00","218,470.00","218,820.00"
2383,"208,140.00","208,510.00","207,770.00"
2384,"261,685.00","260,880.00","262,490.00"
2385,"169,575.00","169,200.00","169,950.00"
2386,"147,315.00","146,630.00","148,000.00"
2387,"127,905.00","128,000.00","127,810.00"
2388,"101,380.00","100,970.00","101,790.00"
2389,"118,545.00","118,820.00","118,270.00"
2390,"136,220.00","134,690.00","137,750.00"
2391,"147,505.00","147,850.00","147,160.00"
2392,"101,030.00","100,860.00","101,200.00"
2393,"171,045.00","171,230.00","170,860.00"
2394,"134,055.00","134,170.00","133,940.00"
2395,"210,615.00","209,090.00","212,140.00"
2396,"134,960.00","133,740.00","136,180.00"
2397,"230,035.00","226,890.00","233,180.00"
2398,"122,890.00","121,390.00","124,390.00"
2399,"79,997.00","81,234.00","78,760.00"
2400,"61,500.00","62,281.00","60,719.00"
2401,"160,275.00","163,950.00","156,600.00"
2402,"136,745.00","136,690.00","136,800.00"
2403,"129,150.00","129,650.00","128,650.00"
2404,"145,270.00","144,320.00","146,220.00"
2405,"165,745.00","166,230.00","165,260.00"
2406,"147,615.00","146,970.00","148,260.00"
2407,"136,745.00","137,120.00","136,370.00"
2408,"153,040.00","153,470.00","152,610.00"
2409,"107,725.00","107,560.00","107,890.00"
2410,"202,745.00","202,880.00","202,610.00"
2411,"103,770.00","103,360.00","104,180.00"
2412,"163,190.00","162,240.00","164,140.00"
2413,"116,875.00","116,300.00","117,450.00"
2414,"152,580.00","151,100.00","154,060.00"
2415,"112,175.00","112,750.00","111,600.00"
2416,"128,710.00","128,360.00","129,060.00"
2417,"125,375.00","125,830.00","124,920.00"
2418,"120,740.00","120,760.00","120,720.00"
2419,"131,590.00","131,100.00","132,080.00"
2420,"107,235.00","107,320.00","107,150.00"
2421,"255,145.00","266,140.00","244,150.00"
2422,"105,215.00","102,960.00","107,470.00"
2423,"153,325.00","150,170.00","156,480.00"
2424,"121,155.00","116,040.00","126,270.00"
2425,"253,750.00","245,190.00","262,310.00"
2426,"145,110.00","143,550.00","146,670.00"
2427,"116,885.00","113,160.00","120,610.00"
2428,"189,620.00","188,360.00","190,880.00"
2429,"114,905.00","114,440.00","115,370.00"
2430,"131,875.00","131,990.00","131,760.00"
2431,"84,179.00","83,588.00","84,770.00"
2432,"129,225.00","129,470.00","128,980.00"
2433,"133,860.00","134,560.00","133,160.00"
2434,"147,225.00","147,080.00","147,370.00"
2435,"156,440.00","157,000.00","155,880.00"
2436,"108,520.00","109,190.00","107,850.00"
2437,"94,482.00","95,063.00","93,901.00"
2438,"113,110.00","114,040.00","112,180.00"
2439,"116,675.00","117,210.00","116,140.00"
2440,"132,925.00","133,280.00","132,570.00"
2441,"129,940.00","131,650.00","128,230.00"
2442,"91,986.00","93,054.00","90,918.00"
2443,"128,345.00","128,990.00","127,700.00"
2444,"129,450.00","127,920.00","130,980.00"
2445,"109,450.00","109,510.00","109,390.00"
2446,"135,670.00","133,580.00","137,760.00"
2447,"212,900.00","211,410.00","214,390.00"
2448,"143,290.00","141,520.00","145,060.00"
2449,"113,190.00","113,180.00","113,200.00"
2450,"148,760.00","147,420.00","150,100.00"
2451,"133,600.00","133,470.00","133,730.00"
2452,"203,910.00","200,780.00","207,040.00"
2453,"87,787.50","87,159.00","88,416.00"
2454,"116,485.00","115,220.00","117,750.00"
2455,"112,760.00","113,190.00","112,330.00"
2456,"236,775.00","242,340.00","231,210.00"
2457,"123,985.00","123,440.00","124,530.00"
2458,"113,395.00","113,240.00","113,550.00"
2459,"106,400.00","107,350.00","105,450.00"
2460,"144,015.00","144,170.00","143,860.00"
2461,"112,085.00","112,090.00","112,080.00"
2462,"125,240.00","125,250.00","125,230.00"
2463,"130,600.00","130,860.00","130,340.00"
2464,"184,025.00","182,190.00","185,860.00"
2465,"141,930.00","141,390.00","142,470.00"
2466,"143,745.00","143,000.00","144,490.00"
2467,"150,205.00","150,240.00","150,170.00"
2468,"75,790.00","74,810.00","76,770.00"
2469,"82,058.50","81,828.00","82,289.00"
2470,"207,685.00","205,200.00","210,170.00"
2471,"236,940.00","236,350.00","237,530.00"
2472,"186,800.00","184,950.00","188,650.00"
2473,"142,510.00","144,040.00","140,980.00"
2475,"245,485.00","243,820.00","247,150.00"
2476,"97,967.00","98,314.00","97,620.00"
2477,"101,047.50","99,815.00","102,280.00"
2478,"149,615.00","149,020.00","150,210.00"
2479,"97,453.00","95,354.00","99,552.00"
2480,"157,060.00","155,970.00","158,150.00"
2481,"114,625.00","113,940.00","115,310.00"
2482,"113,400.00","113,070.00","113,730.00"
2483,"92,792.50","92,496.00","93,089.00"
2484,"125,160.00","125,570.00","124,750.00"
2485,"117,720.00","118,070.00","117,370.00"
2486,"143,935.00","142,560.00","145,310.00"
2487,"173,800.00","168,270.00","179,330.00"
2488,"179,515.00","179,740.00","179,290.00"
2489,"156,115.00","155,050.00","157,180.00"
2491,"111,470.00","111,600.00","111,340.00"
2492,"175,890.00","175,880.00","175,900.00"
2493,"128,760.00","124,790.00","132,730.00"
2494,"155,530.00","151,100.00","159,960.00"
2495,"67,255.50","63,833.00","70,678.00"
2496,"212,785.00","210,660.00","214,910.00"
2497,"170,940.00","169,880.00","172,000.00"
2498,"95,645.50","96,334.00","94,957.00"
2499,"74,143.50","72,704.00","75,583.00"
2500,"117,675.00","120,120.00","115,230.00"
2501,"155,560.00","155,970.00","155,150.00"
2502,"152,005.00","151,190.00","152,820.00"
2503,"114,515.00","113,510.00","115,520.00"
2504,"317,515.00","326,400.00","308,630.00"
2505,"219,600.00","218,630.00","220,570.00"
2506,"264,545.00","265,150.00","263,940.00"
2507,"302,305.00","302,500.00","302,110.00"
2508,"261,950.00","262,210.00","261,690.00"
2509,"225,030.00","224,690.00","225,370.00"
2510,"225,385.00","226,140.00","224,630.00"
2511,"185,420.00","186,390.00","184,450.00"
2512,"209,710.00","208,760.00","210,660.00"
2513,"229,170.00","228,790.00","229,550.00"
2514,"266,260.00","264,570.00","267,950.00"
2515,"142,080.00","140,150.00","144,010.00"
2516,"168,080.00","166,650.00","169,510.00"
2517,"135,560.00","135,530.00","135,590.00"
2518,"144,080.00","141,830.00","146,330.00"
2519,"226,980.00","225,830.00","228,130.00"
2520,"226,895.00","225,280.00","228,510.00"
2521,"198,415.00","197,240.00","199,590.00"
2522,"234,985.00","234,630.00","235,340.00"
2523,"122,300.00","120,720.00","123,880.00"
2524,"127,570.00","127,340.00","127,800.00"
2525,"147,635.00","146,790.00","148,480.00"
2526,"126,875.00","126,330.00","127,420.00"
2527,"90,601.50","87,777.00","93,426.00"
2528,"123,410.00","123,180.00","123,640.00"
2529,"137,385.00","137,250.00","137,520.00"
2530,"118,035.00","118,110.00","117,960.00"
2531,"269,320.00","270,410.00","268,230.00"
2532,"232,760.00","232,280.00","233,240.00"
2533,"214,865.00","214,270.00","215,460.00"
2534,"244,720.00","244,580.00","244,860.00"
2535,"296,140.00","294,940.00","297,340.00"
2536,"231,210.00","228,770.00","233,650.00"
2537,"241,280.00","240,230.00","242,330.00"
2538,"202,375.00","201,450.00","203,300.00"
2539,"195,235.00","195,820.00","194,650.00"
2540,"194,285.00","194,450.00","194,120.00"
2541,"187,565.00","187,030.00","188,100.00"
2542,"162,355.00","160,990.00","163,720.00"
2543,"131,040.00","130,980.00","131,100.00"
2544,"116,865.00","117,730.00","116,000.00"
2545,"136,580.00","133,630.00","139,530.00"
2546,"126,550.00","127,160.00","125,940.00"
2547,"154,070.00","155,810.00","152,330.00"
2548,"160,975.00","159,750.00","162,200.00"
2549,"159,975.00","159,370.00","160,580.00"
2550,"780,440.00","780,130.00","780,750.00"
2551,"130,135.00","131,920.00","128,350.00"
2552,"131,440.00","132,390.00","130,490.00"
2553,"65,853.00","66,658.00","65,048.00"
2554,"83,004.00","83,176.00","82,832.00"
2555,"111,405.00","110,590.00","112,220.00"
2556,"83,999.50","84,004.00","83,995.00"
2557,"118,090.00","117,910.00","118,270.00"
2558,"160,525.00","157,500.00","163,550.00"
2559,"116,135.00","115,810.00","116,460.00"
2560,"151,780.00","151,430.00","152,130.00"
2561,"124,985.00","125,280.00","124,690.00"
2562,"137,705.00","137,350.00","138,060.00"
2563,"134,760.00","134,060.00","135,460.00"
2564,"191,155.00","190,380.00","191,930.00"
2565,"142,405.00","140,670.00","144,140.00"
2566,"141,385.00","140,030.00","142,740.00"
2567,"118,315.00","117,260.00","119,370.00"
2568,"197,625.00","192,240.00","203,010.00"
2569,"203,865.00","199,970.00","207,760.00"
2570,"103,405.00","104,980.00","101,830.00"
2571,"175,700.00","172,830.00","178,570.00"
2572,"153,690.00","156,280.00","151,100.00"
2573,"226,410.00","223,160.00","229,660.00"
2574,"262,930.00","263,230.00","262,630.00"
2575,"147,575.00","147,680.00","147,470.00"
2576,"147,835.00","146,060.00","149,610.00"
2577,"155,325.00","153,210.00","157,440.00"
2578,"77,810.00","78,831.00","76,789.00"
2579,"18,710.00","15,472.00","21,948.00"
2580,"98,636.50","97,133.00","100,140.00"
2581,"132,065.00","133,070.00","131,060.00"
2582,"140,795.00","141,640.00","139,950.00"
2583,"275,630.00","278,270.00","272,990.00"
2584,"193,015.00","193,190.00","192,840.00"
2585,"199,630.00","199,820.00","199,440.00"
2586,"240,145.00","240,370.00","239,920.00"
2587,"207,470.00","207,800.00","207,140.00"
2588,"154,420.00","154,080.00","154,760.00"
2589,"159,350.00","160,040.00","158,660.00"
2590,"226,125.00","228,610.00","223,640.00"
2591,"231,830.00","227,660.00","236,000.00"
2592,"237,575.00","238,370.00","236,780.00"
2593,"252,795.00","254,040.00","251,550.00"
2594,"176,995.00","176,730.00","177,260.00"
2595,"219,285.00","221,400.00","217,170.00"
2596,"312,100.00","313,210.00","310,990.00"
2597,"202,190.00","203,540.00","200,840.00"
2598,"278,045.00","275,940.00","280,150.00"
2599,"309,910.00","308,480.00","311,340.00"
2600,"365,120.00","371,160.00","359,080.00"
2601,"158,340.00","160,630.00","156,050.00"
2602,"60,260.50","61,283.00","59,238.00"
2603,"71,656.50","73,036.00","70,277.00"
2604,"86,281.50","87,332.00","85,231.00"
2605,"59,039.00","59,822.00","58,256.00"
2606,"152,740.00","153,300.00","152,180.00"
2607,"218,285.00","217,670.00","218,900.00"
2608,"212,185.00","205,310.00","219,060.00"
2609,"162,850.00","162,370.00","163,330.00"
2610,"104,010.00","103,950.00","104,070.00"
2611,"165,850.00","160,200.00","171,500.00"
2612,"153,220.00","152,590.00","153,850.00"
2613,"125,510.00","124,680.00","126,340.00"
2614,"111,120.00","110,310.00","111,930.00"
2615,"155,325.00","155,160.00","155,490.00"
2616,"165,620.00","166,030.00","165,210.00"
2617,"200,755.00","200,520.00","200,990.00"
2618,"241,905.00","234,390.00","249,420.00"
2619,"218,360.00","218,100.00","218,620.00"
2620,"192,875.00","192,820.00","192,930.00"
2621,"166,630.00","164,450.00","168,810.00"
2622,"184,560.00","183,170.00","185,950.00"
2623,"244,770.00","243,120.00","246,420.00"
2624,"307,900.00","307,250.00","308,550.00"
2625,"282,825.00","281,620.00","284,030.00"
2626,"163,805.00","164,480.00","163,130.00"
2627,"143,560.00","145,430.00","141,690.00"
2628,"420,655.00","419,150.00","422,160.00"
2629,"436,415.00","433,590.00","439,240.00"
2630,"349,530.00","348,610.00","350,450.00"
2631,"422,915.00","422,520.00","423,310.00"
2632,"378,990.00","376,720.00","381,260.00"
2633,"295,260.00","298,030.00","292,490.00"
2634,"380,195.00","380,610.00","379,780.00"
2635,"158,470.00","158,830.00","158,110.00"
2636,"188,370.00","187,160.00","189,580.00"
2637,"212,800.00","215,690.00","209,910.00"
2638,"282,205.00","281,130.00","283,280.00"
2639,"203,410.00","202,200.00","204,620.00"
2640,"163,635.00","164,030.00","163,240.00"
2641,"84,603.00","84,854.00","84,352.00"
2642,"189,160.00","190,730.00","187,590.00"
2643,"104,930.00","106,060.00","103,800.00"
2644,"131,860.00","133,730.00","129,990.00"
2645,"112,500.00","114,030.00","110,970.00"
2646,"98,725.00","100,390.00","97,060.00"
2647,"111,145.00","112,680.00","109,610.00"
2648,"133,840.00","135,750.00","131,930.00"
2649,"136,315.00","136,720.00","135,910.00"
2650,"131,830.00","134,020.00","129,640.00"
2651,"116,040.00","116,480.00","115,600.00"
2652,"383,045.00","381,970.00","384,120.00"
2653,"249,225.00","248,030.00","250,420.00"
2654,"261,445.00","261,620.00","261,270.00"
2655,"380,675.00","382,460.00","378,890.00"
2656,"312,055.00","309,520.00","314,590.00"
2657,"350,345.00","351,490.00","349,200.00"
2658,"297,900.00","296,750.00","299,050.00"
2659,"315,255.00","314,310.00","316,200.00"
2660,"351,015.00","350,720.00","351,310.00"
2661,"356,450.00","357,480.00","355,420.00"
2662,"354,330.00","355,090.00","353,570.00"
2663,"282,855.00","282,180.00","283,530.00"
2664,"272,355.00","275,520.00","269,190.00"
2665,"339,075.00","341,890.00","336,260.00"
2666,"297,300.00","300,080.00","294,520.00"
2667,"188,400.00","187,180.00","189,620.00"
2668,"199,785.00","198,530.00","201,040.00"
2669,"194,395.00","193,660.00","195,130.00"
2670,"288,960.00","286,920.00","291,000.00"
2671,"206,940.00","206,020.00","207,860.00"
2672,"202,855.00","205,180.00","200,530.00"
2673,"202,655.00","205,520.00","199,790.00"
2674,"210,835.00","213,970.00","207,700.00"
2675,"180,470.00","182,620.00","178,320.00"
2676,"195,255.00","194,630.00","195,880.00"
2677,"207,010.00","206,560.00","207,460.00"
2678,"266,035.00","264,220.00","267,850.00"
2679,"278,050.00","277,750.00","278,350.00"
2680,"273,140.00","272,460.00","273,820.00"
2681,"378,590.00","379,320.00","377,860.00"
2682,"312,125.00","311,500.00","312,750.00"
2683,"445,265.00","444,120.00","446,410.00"
2684,"297,235.00","296,540.00","297,930.00"
2685,"319,080.00","318,330.00","319,830.00"
2686,"268,910.00","267,090.00","270,730.00"
2687,"312,740.00","312,790.00","312,690.00"
2688,"236,875.00","236,740.00","237,010.00"
2689,"211,190.00","212,010.00","210,370.00"
2690,"402,900.00","403,470.00","402,330.00"
2691,"187,165.00","186,940.00","187,390.00"
2692,"154,100.00","154,500.00","153,700.00"
2693,"210,555.00","210,140.00","210,970.00"
2694,"163,380.00","161,720.00","165,040.00"
2695,"208,135.00","208,040.00","208,230.00"
2696,"191,040.00","190,850.00","191,230.00"
2697,"181,910.00","181,160.00","182,660.00"
2698,"220,715.00","220,320.00","221,110.00"
2699,"176,570.00","177,870.00","175,270.00"
2700,"148,995.00","149,970.00","148,020.00"
2701,"150,065.00","148,920.00","151,210.00"
2702,"105,925.00","105,610.00","106,240.00"
2703,"123,605.00","123,670.00","123,540.00"
2704,"146,275.00","146,380.00","146,170.00"
2705,"100,795.00","100,630.00","100,960.00"
2706,"102,135.00","102,190.00","102,080.00"
2707,"123,405.00","123,770.00","123,040.00"
2708,"124,430.00","123,250.00","125,610.00"
2709,"115,810.00","116,360.00","115,260.00"
2710,"124,550.00","124,950.00","124,150.00"
2711,"355,915.00","372,340.00","339,490.00"
2712,"373,940.00","375,020.00","372,860.00"
2713,"161,680.00","164,470.00","158,890.00"
2714,"135,940.00","137,020.00","134,860.00"
2715,"168,140.00","169,420.00","166,860.00"
2716,"132,315.00","133,100.00","131,530.00"
2717,"178,095.00","177,420.00","178,770.00"
2718,"207,015.00","208,680.00","205,350.00"
2719,"184,500.00","185,420.00","183,580.00"
2720,"197,745.00","198,100.00","197,390.00"
2721,"133,435.00","133,420.00","133,450.00"
2722,"161,290.00","160,250.00","162,330.00"
2723,"168,845.00","169,540.00","168,150.00"
2724,"111,050.00","111,250.00","110,850.00"
2725,"124,320.00","124,450.00","124,190.00"
2726,"154,545.00","154,910.00","154,180.00"
2727,"173,990.00","173,810.00","174,170.00"
2728,"178,535.00","178,610.00","178,460.00"
2729,"150,665.00","149,840.00","151,490.00"
2730,"146,710.00","146,580.00","146,840.00"
2731,"128,140.00","128,430.00","127,850.00"
2732,"111,385.00","111,170.00","111,600.00"
2733,"164,575.00","164,940.00","164,210.00"
2734,"150,845.00","150,110.00","151,580.00"
2735,"134,775.00","134,560.00","134,990.00"
2736,"138,085.00","136,690.00","139,480.00"
2737,"111,090.00","110,720.00","111,460.00"
2738,"118,635.00","119,230.00","118,040.00"
2739,"168,045.00","168,030.00","168,060.00"
2740,"139,650.00","139,660.00","139,640.00"
2741,"146,800.00","147,460.00","146,140.00"
2742,"164,490.00","164,270.00","164,710.00"
2743,"154,580.00","154,480.00","154,680.00"
2744,"157,470.00","157,440.00","157,500.00"
2745,"155,235.00","155,740.00","154,730.00"
2746,"127,095.00","125,770.00","128,420.00"
2747,"141,555.00","140,540.00","142,570.00"
2748,"92,767.50","92,349.00","93,186.00"
2749,"128,955.00","128,830.00","129,080.00"
2750,"125,230.00","124,010.00","126,450.00"
2751,"131,995.00","130,020.00","133,970.00"
2752,"242,480.00","238,120.00","246,840.00"
2753,"156,335.00","152,760.00","159,910.00"
2754,"263,405.00","258,520.00","268,290.00"
2755,"139,040.00","138,580.00","139,500.00"
2756,"74,630.50","73,262.00","75,999.00"
2757,"48,909.00","47,557.00","50,261.00"
2758,"98,454.50","98,048.00","98,861.00"
2759,"160,670.00","159,870.00","161,470.00"
2760,"158,325.00","156,620.00","160,030.00"
2761,"146,750.00","146,680.00","146,820.00"
2762,"142,045.00","141,790.00","142,300.00"
2763,"200,060.00","200,340.00","199,780.00"
2764,"173,790.00","172,980.00","174,600.00"
2765,"294,715.00","292,750.00","296,680.00"
2766,"135,775.00","134,630.00","136,920.00"
2767,"53,457.50","52,218.00","54,697.00"
2768,"106,365.00","106,470.00","106,260.00"
2769,"122,975.00","123,920.00","122,030.00"
2770,"160,280.00","161,220.00","159,340.00"
2771,"95,731.00","96,097.00","95,365.00"
2772,"122,345.00","122,930.00","121,760.00"
2773,"177,345.00","175,520.00","179,170.00"
2774,"154,005.00","153,670.00","154,340.00"
2775,"130,310.00","130,370.00","130,250.00"
2776,"148,820.00","147,460.00","150,180.00"
2777,"160,505.00","161,230.00","159,780.00"
2778,"132,905.00","134,750.00","131,060.00"
2779,"119,890.00","119,440.00","120,340.00"
2780,"119,080.00","119,000.00","119,160.00"
2781,"91,396.50","93,431.00","89,362.00"
2782,"84,417.50","84,712.00","84,123.00"
2783,"85,338.00","84,711.00","85,965.00"
2784,"108,845.00","109,790.00","107,900.00"
2785,"125,115.00","124,500.00","125,730.00"
2786,"56,233.50","56,522.00","55,945.00"
2787,"141,040.00","140,980.00","141,100.00"
2788,"53,341.00","53,371.00","53,311.00"
2789,"183,065.00","182,570.00","183,560.00"
2790,"86,946.50","87,510.00","86,383.00"
2791,"103,955.00","104,170.00","103,740.00"
2792,"97,990.50","99,514.00","96,467.00"
2793,"184,265.00","182,850.00","185,680.00"
2794,"101,730.00","101,460.00","102,000.00"
2795,"118,620.00","118,460.00","118,780.00"
2796,"82,375.50","80,845.00","83,906.00"
2797,"270,030.00","265,260.00","274,800.00"
2798,"129,930.00","128,160.00","131,700.00"
2799,"152,390.00","153,140.00","151,640.00"
2800,"72,901.50","71,991.00","73,812.00"
2801,"142,480.00","142,950.00","142,010.00"
2802,"118,110.00","116,590.00","119,630.00"
2803,"197,590.00","200,230.00","194,950.00"
2804,"132,945.00","127,430.00","138,460.00"
2805,"105,020.00","105,200.00","104,840.00"
2806,"62,311.00","63,003.00","61,619.00"
2807,"148,890.00","150,430.00","147,350.00"
2808,"148,395.00","148,050.00","148,740.00"
2809,"118,835.00","118,710.00","118,960.00"
2810,"128,935.00","129,040.00","128,830.00"
2811,"167,870.00","168,320.00","167,420.00"
2812,"174,690.00","176,490.00","172,890.00"
2813,"137,550.00","137,620.00","137,480.00"
2814,"149,080.00","150,080.00","148,080.00"
2815,"89,749.50","87,456.00","92,043.00"
2816,"243,000.00","241,450.00","244,550.00"
2817,"142,590.00","142,190.00","142,990.00"
2818,"120,020.00","119,420.00","120,620.00"
2819,"177,360.00","177,850.00","176,870.00"
2820,"126,375.00","126,030.00","126,720.00"
2821,"120,690.00","121,620.00","119,760.00"
2822,"197,410.00","192,910.00","201,910.00"
2823,"351,885.00","348,460.00","355,310.00"
2824,"180,890.00","181,280.00","180,500.00"
2825,"162,355.00","161,630.00","163,080.00"
2826,"123,195.00","122,400.00","123,990.00"
2827,"140,105.00","138,870.00","141,340.00"
2828,"246,430.00","244,400.00","248,460.00"
2829,"208,640.00","211,450.00","205,830.00"
2830,"254,730.00","253,540.00","255,920.00"
2831,"199,345.00","200,440.00","198,250.00"
2832,"269,960.00","269,760.00","270,160.00"
2833,"313,455.00","314,400.00","312,510.00"
2834,"234,925.00","233,420.00","236,430.00"
2835,"227,340.00","228,090.00","226,590.00"
2836,"204,905.00","203,970.00","205,840.00"
2837,"178,180.00","177,540.00","178,820.00"
2838,"126,940.00","125,490.00","128,390.00"
2839,"177,235.00","175,370.00","179,100.00"
2840,"193,060.00","193,670.00","192,450.00"
2841,"214,040.00","213,290.00","214,790.00"
2842,"234,445.00","232,500.00","236,390.00"
2843,"148,645.00","148,090.00","149,200.00"
2844,"183,840.00","183,720.00","183,960.00"
2845,"123,845.00","124,550.00","123,140.00"
2846,"223,520.00","222,670.00","224,370.00"
2847,"196,365.00","195,370.00","197,360.00"
2848,"222,340.00","223,150.00","221,530.00"
2849,"210,350.00","209,240.00","211,460.00"
2850,"287,570.00","286,780.00","288,360.00"
2851,"231,330.00","226,660.00","236,000.00"
2852,"233,030.00","231,490.00","234,570.00"
2853,"226,775.00","225,190.00","228,360.00"
2854,"147,705.00","149,940.00","145,470.00"
2855,"217,340.00","218,290.00","216,390.00"
2856,"214,885.00","213,850.00","215,920.00"
2857,"191,875.00","191,370.00","192,380.00"
2858,"225,615.00","226,190.00","225,040.00"
2859,"96,317.50","94,242.00","98,393.00"
2860,"162,200.00","160,800.00","163,600.00"
2861,"137,305.00","135,610.00","139,000.00"
2862,"217,190.00","217,500.00","216,880.00"
2863,"136,735.00","137,430.00","136,040.00"
2864,"286,895.00","286,300.00","287,490.00"
2865,"145,215.00","146,960.00","143,470.00"
2866,"166,205.00","168,040.00","164,370.00"
2867,"86,292.50","86,530.00","86,055.00"
2868,"132,680.00","132,100.00","133,260.00"
2869,"109,675.00","108,490.00","110,860.00"
2870,"132,600.00","129,510.00","135,690.00"
2871,"70,085.50","66,614.00","73,557.00"
2872,"20,200.00","19,560.00","20,840.00"
2873,"87,929.00","87,489.00","88,369.00"
2874,"177,965.00","177,380.00","178,550.00"
2875,"123,165.00","124,310.00","122,020.00"
2876,"181,920.00","182,050.00","181,790.00"
2877,"140,180.00","140,470.00","139,890.00"
2878,"177,140.00","177,080.00","177,200.00"
2879,"137,695.00","136,580.00","138,810.00"
2880,"104,925.00","105,420.00","104,430.00"
2881,"121,975.00","116,460.00","127,490.00"
2882,"158,320.00","156,990.00","159,650.00"
2883,"199,740.00","199,400.00","200,080.00"
2884,"199,495.00","197,850.00","201,140.00"
2885,"164,850.00","161,830.00","167,870.00"
2886,"234,975.00","232,370.00","237,580.00"
2887,"111,965.00","112,770.00","111,160.00"
2888,"140,505.00","140,520.00","140,490.00"
2889,"55,629.50","55,655.00","55,604.00"
2890,"69,811.00","69,922.00","69,700.00"
2891,"152,355.00","151,310.00","153,400.00"
2892,"45,219.50","44,124.00","46,315.00"
2893,"78,598.00","79,054.00","78,142.00"
2894,"28,706.00","30,286.00","27,126.00"
2895,"312,585.00","316,370.00","308,800.00"
2896,"271,640.00","275,900.00","267,380.00"
2897,"218,785.00","214,840.00","222,730.00"
2898,"150,340.00","151,280.00","149,400.00"
2899,"228,185.00","229,540.00","226,830.00"
2900,"169,520.00","169,240.00","169,800.00"
2901,"246,725.00","235,160.00","258,290.00"
2902,"207,355.00","208,970.00","205,740.00"
2903,"330,785.00","331,570.00","330,000.00"
2904,"340,930.00","342,170.00","339,690.00"
2906,"196,735.00","199,350.00","194,120.00"
2907,"82,715.50","83,154.00","82,277.00"
2908,"117,480.00","116,930.00","118,030.00"
2909,"147,515.00","147,410.00","147,620.00"
2910,"60,275.00","62,529.00","58,021.00"
2911,"57,440.00","58,594.00","56,286.00"
2912,"145,910.00","145,160.00","146,660.00"
2913,"77,179.00","78,215.00","76,143.00"
2914,"63,008.50","64,124.00","61,893.00"
2915,"81,129.00","82,257.00","80,001.00"
2916,"78,647.50","79,628.00","77,667.00"
2917,"197,045.00","193,800.00","200,290.00"
2918,"113,135.00","112,950.00","113,320.00"
2919,"232,815.00","232,360.00","233,270.00"